delayed:age,delayed:massformed,delayed:metallicity,delayed:tau,dust:Av,nebular:logU,stellar_mass,formed_mass,sfr,ssfr,nsfr,mass_weighted_age,tform,tquench,sfh,photometry,spectrum_full,uvj,chisq_phot,dust_curve
"[0.28215823 0.14457068 0.23781919 0.34292422 0.28476409 0.31958987
 0.35164428 0.28599579 0.27320027 0.36296954 0.4590237  0.24868758
 0.26810972 0.39601693 0.25362162 0.27327236 0.2433285  0.28629629
 0.20443281 0.27149706 0.29260459 0.21340655 0.35547797 0.34602117
 0.43104293 0.26739449 0.45352311 0.30748432 0.3808556  0.1677947
 0.28342934 0.27490989 0.3033682  0.24091503 0.29664712 0.24373346
 0.13480108 0.41034471 0.19052439 0.15155633 0.26699021 0.17762651
 0.17115448 0.24176258 0.16372011 0.39273929 0.26257694 0.31180416
 0.25391924 0.27142491 0.18328181 0.31736836 0.27649222 0.20636075
 0.17020877 0.24732708 0.23103124 0.36718414 0.2849489  0.2346251
 0.19661178 0.28542421 0.28110822 0.29911249 0.22186807 0.38164772
 0.33752443 0.26854059 0.18459796 0.31567818 0.30027272 0.2601625
 0.17566766 0.22447116 0.19702739 0.25083409 0.23017987 0.4944971
 0.24404138 0.2574126  0.28689804 0.26355742 0.47510903 0.42639768
 0.24262693 0.26117705 0.24361903 0.32240072 0.35991948 0.25188459
 0.27079966 0.21687254 0.25451721 0.33037721 0.20837457 0.25077147
 0.25373514 0.40290932 0.18307671 0.26014349 0.3193125  0.33748914
 0.22290035 0.27018294 0.44993701 0.28465769 0.28382644 0.18748128
 0.22537343 0.29402617 0.23797649 0.31033062 0.23746709 0.14009786
 0.20660769 0.2621357  0.34329414 0.2213961  0.22463404 0.3163575
 0.36559548 0.1833762  0.2564487  0.15793662 0.33483302 0.26257694
 0.29046365 0.55726234 0.28121735 0.36815524 0.438003   0.1780082
 0.28023564 0.24366539 0.23045069 0.15921515 0.40050186 0.26199404
 0.33096994 0.24949194 0.38933311 0.32603984 0.29352543 0.14794875
 0.26866303 0.32688352 0.36906463 0.17291822 0.24288525 0.3415819
 0.17899546 0.32943469 0.24217692 0.17291822 0.32396477 0.21093312
 0.31900714 0.22316386 0.30796747 0.20942552 0.25445401 0.21993103
 0.31521953 0.16124154 0.31246233 0.29474103 0.25844915 0.27638096
 0.40355264 0.1894042  0.5048505  0.3764889  0.20928599 0.18950323
 0.2635939  0.28372417 0.31803049 0.16249984 0.34482673 0.23506721
 0.21201641 0.28680965 0.18683461 0.34682433 0.21349804 0.17839372
 0.21529913 0.11437659 0.16249984 0.26774283 0.1332198  0.18452568
 0.27971502 0.31467898 0.44829118 0.28818247 0.40817132 0.43328221
 0.21998318 0.17391899 0.25824466 0.35397995 0.15389948 0.30381716
 0.38520777 0.24446227 0.26123777 0.3028271  0.38244607 0.37158598
 0.22132928 0.17117249 0.25470913 0.29682426 0.16213282 0.3612092
 0.27002085 0.24680906 0.15839224 0.28048634 0.39601693 0.33676336
 0.23935636 0.28453891 0.23304338 0.22120351 0.34307638 0.36048474
 0.3200816  0.1912988  0.34981294 0.24954883 0.24430741 0.31742194
 0.32921214 0.26516729 0.36408245 0.31230414 0.26599708 0.25459626
 0.19359565 0.28052968 0.22370186 0.25806775 0.24799937 0.31057906
 0.26240522 0.185555   0.31731867 0.34136359 0.27739963 0.22801085
 0.34108784 0.24056767 0.36891675 0.26410895 0.40708581 0.21256252
 0.33653056 0.21634748 0.17315336 0.20400007 0.2623128  0.26237859
 0.27970477 0.35328562 0.35539562 0.24196023 0.35487168 0.36489983
 0.28028065 0.23500681 0.2682699  0.15890211 0.34930724 0.31413898
 0.37191949 0.16818783 0.28288739 0.37401799 0.24128558 0.21522875
 0.37497207 0.18909309 0.28162393 0.35487497 0.2876661  0.2798665
 0.28598041 0.28383405 0.29810114 0.26790049 0.35357514 0.27364575
 0.22257027 0.50572572 0.28837504 0.3366073  0.48024254 0.32564764
 0.18896616 0.35923767 0.30187701 0.32613838 0.15420554 0.26891193
 0.2688448  0.27213721 0.25571605 0.28983513 0.21843996 0.38223638
 0.20551309 0.27457036 0.35179184 0.18889796 0.27184193 0.36279642
 0.16721443 0.27269377 0.28201314 0.24468094 0.39422378 0.19331638
 0.30381716 0.19567367 0.25729534 0.25370691 0.24550631 0.24011463
 0.31721414 0.24949194 0.28036103 0.22339208 0.16299524 0.25799023
 0.29690576 0.2523438  0.21149494 0.2680118  0.26787592 0.36735632
 0.24564296 0.32624665 0.26951311 0.27625944 0.23963197 0.32387098
 0.29765719 0.24477832 0.36481534 0.1661524  0.26866303 0.22590349
 0.2648215  0.41482872 0.17837638 0.35556982 0.36645023 0.35695331
 0.36559062 0.30993558 0.17975202 0.20458878 0.25851863 0.29875709
 0.10899615 0.286537   0.2309528  0.25081796 0.25771257 0.19647343
 0.33785282 0.35161806 0.22843411 0.30222859 0.30757055 0.22128263
 0.20120516 0.24270051 0.16603977 0.20240983 0.28052968 0.27625944
 0.40419769 0.33445695 0.2598607  0.45322069 0.2172391  0.48903101
 0.38113596 0.26929567 0.23940732 0.23643377 0.24486369 0.49107962
 0.38555908 0.31989437 0.14284028 0.3362646  0.50221418 0.31716141
 0.29401644 0.31249907 0.23020772 0.24460658 0.15244316 0.34340148
 0.32254651 0.27353554 0.29077099 0.16747973 0.36358334 0.20201378
 0.15234678 0.32038726 0.23080245 0.25016244 0.3696647  0.42107117
 0.38575823 0.22257027 0.48213097 0.39565191 0.24567271 0.24257676
 0.23250665 0.28952897 0.30063845 0.35226794 0.26592097 0.38924739
 0.3082556  0.23745639 0.1854594  0.47736881 0.25142835 0.22851264
 0.22723016 0.35204005 0.27450311 0.45687315 0.23077491 0.2754208
 0.16451341 0.3633781  0.34601301 0.31618779 0.20536123 0.21063851
 0.24882456 0.22109578 0.24146949 0.26663098 0.22734052 0.18248587
 0.39181543 0.45918561 0.37746107 0.23095072 0.32633775 0.29773831
 0.21940313 0.28837504 0.23934827 0.5171532  0.28671381 0.33507205
 0.3028271  0.25776051 0.30448742 0.14009786 0.33017147 0.18931427
 0.28951388 0.41665715 0.24796483 0.20916429 0.25614427 0.29402617
 0.16658921 0.31547964 0.29145248 0.18315209 0.2081971  0.35958518
 0.33304337 0.30032493 0.1915585  0.28254093 0.29614045 0.2876787
 0.24226754 0.36773845 0.26739369 0.31463077 0.36804294 0.33229326
 0.23260006 0.22890087]","[8.0452835  7.86517049 8.02026091 8.09671905 8.07467171 8.08502796
 8.12788253 8.0450699  8.06196699 8.10937542 8.23795518 8.00592841
 8.0040516  8.17323117 8.0236006  8.04783598 8.03298771 8.05304218
 7.95542782 8.01073236 8.07293772 7.97162102 8.13510924 8.09663893
 8.16847248 8.10830178 8.21911236 8.05541507 8.13367948 7.92642677
 8.0998134  8.06945423 8.11743671 8.0209627  8.08985703 8.04404154
 7.81047412 8.15776476 7.96072907 7.89002709 8.00215757 7.89794355
 7.9495125  8.00163743 7.88899329 8.13855783 8.06909588 8.05676484
 7.99296258 8.03469061 7.9333864  8.04800354 8.01896443 7.98176676
 7.90783017 8.07542269 8.00156191 8.1310423  8.03531898 7.97626848
 7.96695235 8.04365164 8.03140309 8.07634957 7.98377487 8.12090565
 8.13830419 8.04496323 7.94543452 8.06884596 8.0602447  8.02442884
 7.95379298 7.99164149 7.93306421 8.041606   8.00559929 8.23285881
 7.99539784 8.03715587 8.05363219 8.04011938 8.20761183 8.1557181
 8.00622052 8.05328962 8.00586951 8.09343569 8.14965439 8.03055626
 8.0320452  7.96240275 8.07094628 8.12682641 8.00295406 8.04229698
 8.02998761 8.19321221 7.93479282 8.07335646 8.13226729 8.13716073
 7.95226484 8.02318314 8.23365804 8.06910521 8.06228246 7.97643485
 8.01438743 8.0695185  7.98610115 8.09402796 7.98840753 7.85773186
 7.98827929 8.048963   8.13503396 7.9651796  7.93888504 8.08638139
 8.14231972 7.93268348 8.03321221 7.90728143 8.12698258 8.06909588
 8.07197223 8.24679029 8.01975765 8.15189475 8.17037555 7.93225349
 8.03649332 7.96702739 8.0047475  7.87525141 8.15774706 8.02567787
 8.07769402 8.01888923 8.12807239 8.13835332 8.05474676 7.83905193
 8.04190185 8.11864773 8.14793145 7.88522348 8.01576035 8.13814037
 7.97463242 8.1007739  7.99553613 7.88522348 8.13541639 7.96013876
 8.12368769 8.01904899 8.11568222 7.91268126 8.01563224 8.02884418
 8.09145277 7.91651883 8.13633156 8.09032159 8.01535003 8.0252755
 8.18720923 7.87344673 8.25398385 8.19372343 7.92949049 7.93560064
 8.05573257 8.06573211 8.12557435 7.8834262  8.1069629  8.00811734
 7.97501688 8.03578157 7.93821711 8.16561024 7.96324728 7.90622266
 8.01074263 7.76116842 7.8834262  8.05695577 7.89062231 7.88634442
 8.02265538 8.09763829 8.19002612 8.03807802 8.15670435 8.16605953
 8.00746648 7.90606171 8.02007856 8.13136849 7.9073199  8.04747885
 8.12120843 8.08504142 8.02627    8.09475166 8.1070778  8.11679086
 7.97508104 7.89291612 8.04153664 8.0654283  7.85540482 8.13937178
 8.05649977 8.05135393 7.8839247  8.06973875 8.17323117 8.12875868
 8.00555952 8.0680064  8.05138323 7.98967952 8.12176758 8.11339892
 8.10375555 7.91664546 8.11480802 8.02104449 7.95228217 8.08803143
 8.11939043 8.01385281 8.12890974 8.05303946 8.08018577 8.0467496
 7.95149572 8.0207612  8.02608135 8.02535301 8.05512206 8.08805479
 8.0565942  7.91136311 8.09675785 8.1682773  8.07284683 8.01408628
 8.11550436 8.01581159 8.15511354 7.99666987 8.14845494 7.98338086
 8.10027726 7.96797244 7.87989828 7.96094302 8.01403624 8.02329622
 8.03636236 8.11093187 8.10485909 7.98433803 8.11984324 8.18337132
 8.02366195 8.00097975 8.04331515 7.86680112 8.12955481 8.12162604
 8.15969693 7.88776165 8.03992228 8.09426568 7.97884743 7.96681743
 8.11087132 7.96944396 8.05559403 8.14974359 8.06926433 8.00635086
 8.107481   8.07958575 8.06933534 8.04097257 8.14619649 8.05177492
 8.00451606 8.26310325 8.10235722 8.1088235  8.19338094 8.13021702
 7.93276044 8.12506068 8.03016926 8.10761936 7.89999915 8.05424179
 8.01128144 8.04998657 8.00920013 8.05224776 7.9501233  8.17280589
 7.96959449 8.06307686 8.14112177 7.94087025 8.04328838 8.14480919
 7.92320974 8.0713175  8.03822245 7.98973626 8.18545588 7.93555757
 8.04747885 7.9426638  8.00367938 8.03186016 7.99351886 7.97579792
 8.13421619 8.01888923 8.06382489 7.97564775 7.88737658 8.01859814
 8.09646609 7.9964421  7.91307894 8.03761618 8.06204775 8.12428448
 8.00484553 8.11642631 7.99688961 8.01923865 7.98044481 8.07265911
 8.06280596 7.99871274 8.12520099 7.92625985 8.04190185 7.97226235
 8.02038374 8.16160236 7.96069166 8.11473699 8.16299222 8.14951784
 8.12991437 8.08686319 7.91289771 7.89392528 8.00967547 8.07880845
 7.79088888 8.03902292 8.0187659  8.01899101 8.01472027 7.96238719
 8.09730162 8.11740768 7.9679361  8.09391712 8.03135591 7.96584215
 7.96031313 8.04187623 7.92411485 7.97431533 8.0207612  8.01923865
 8.16897905 8.12233502 8.0273891  8.21963949 7.96327209 8.25033214
 8.13274366 8.08296226 7.97663024 8.01096293 8.06210676 8.20833245
 8.16870204 8.09067324 7.83763253 8.10318581 8.22015033 8.10404109
 8.0954405  8.09840225 7.99555769 8.04034501 7.84800484 8.11553774
 8.08499918 8.02561756 8.09780661 7.88750188 8.1545771  7.97421711
 7.86651786 8.10266822 8.01655134 8.00279788 8.18867442 8.1543462
 8.14399087 8.00451606 8.22302428 8.15291319 7.99126397 8.04907766
 7.98207663 8.04264919 8.08194728 8.12860309 8.02766658 8.20287577
 8.07397568 7.99811055 7.92443599 8.18931109 8.00090209 8.01383252
 7.96207864 8.0900987  8.05050068 8.21294535 7.98269405 8.04148393
 7.91401553 8.09546031 8.09977071 8.10300331 7.96896737 8.00806044
 8.01609124 7.96744346 8.00259598 8.01528037 8.00505313 7.91783984
 8.15329397 8.18160304 8.1422366  8.00904662 8.06564884 8.10244481
 8.00816421 8.10235722 7.96759597 8.27549422 8.0869304  8.15121057
 8.09475166 8.01865304 8.08648081 7.85773186 8.08196422 7.89386565
 8.07201932 8.1411566  8.00576675 7.90918511 8.0778741  8.0695185
 7.90070786 8.09964118 8.08702761 7.93480659 7.96472521 8.16800243
 8.11452189 8.09004876 7.97175306 8.08802716 8.01801719 8.11026323
 8.00682115 8.1437975  8.02395269 8.06097871 8.15972541 8.14956828
 7.99726196 8.01806642]","[0.98168345 0.96885031 0.89405419 0.98434619 0.92028046 0.94628327
 0.84806397 0.88502827 0.95460805 0.83670026 0.89080604 0.95710316
 0.79677267 0.9734503  0.85869215 0.96429908 0.99007349 0.9921137
 0.84959856 0.83102415 0.52429476 0.98683021 0.92407265 0.98212298
 0.96722366 0.92169633 0.94575263 0.89255395 0.53126471 0.85534284
 0.99873276 0.98589087 0.82139247 0.99976902 0.95249917 0.91522864
 0.90819785 0.84163184 0.77267425 0.97097336 0.92871072 0.88259296
 0.99708774 0.9237276  0.99774408 0.99286243 0.99947526 0.79883251
 0.69418138 0.97529177 0.96827862 0.71615505 0.96245571 0.94430407
 0.9773635  0.99587599 0.99569593 0.95216973 0.84289575 0.96300004
 0.72460613 0.99302224 0.94931284 0.95402171 0.84026805 0.92328865
 0.92052061 0.94224899 0.95000813 0.78463572 0.91269874 0.96341925
 0.96576441 0.94701622 0.95518725 0.94572693 0.91828642 0.96583425
 0.89379707 0.92244827 0.99704904 0.80803739 0.91448692 0.94316712
 0.92398783 0.93480217 0.91323364 0.9453712  0.91994995 0.94542051
 0.99836161 0.98947031 0.82905098 0.94386002 0.89738629 0.89237524
 0.94872143 0.83305351 0.97731976 0.92237178 0.90838386 0.98619301
 0.92206213 0.99195464 0.98684102 0.95221534 0.8955591  0.96480754
 0.99839125 0.9012255  0.93973582 0.95315595 0.9549332  0.93501479
 0.97002967 0.93746694 0.8762061  0.99452531 0.95797099 0.98773959
 0.94016794 0.97638951 0.9908671  0.98853224 0.96655332 0.99947526
 0.85751299 0.92176962 0.72509091 0.89406545 0.98792118 0.84987166
 0.79163123 0.93241856 0.84533003 0.86777696 0.9450315  0.95370241
 0.99858938 0.97851172 0.95874093 0.76144406 0.97438603 0.93103888
 0.96162998 0.84446558 0.98713667 0.96573225 0.8121896  0.9395107
 0.91353374 0.9732914  0.8155098  0.96573225 0.88258949 0.85069713
 0.99686117 0.98947486 0.96339675 0.91871498 0.76747795 0.95355089
 0.74242211 0.98458478 0.80985321 0.75933884 0.91378842 0.91775789
 0.93387435 0.68791197 0.96624505 0.99934779 0.96179192 0.83117128
 0.91264375 0.99364866 0.78800183 0.96009069 0.99741315 0.9773251
 0.97337909 0.95665641 0.84136355 0.92789027 0.93674288 0.91461641
 0.96291627 0.85290256 0.96009069 0.90709618 0.91986169 0.97484495
 0.96652567 0.9596974  0.88359558 0.96753731 0.99315585 0.92581833
 0.92433136 0.94828882 0.94392633 0.94721749 0.93977918 0.94244579
 0.93328359 0.90663633 0.92553759 0.98124685 0.82792601 0.86842557
 0.976166   0.96345098 0.90407043 0.96955999 0.94805579 0.9814168
 0.9141672  0.97366159 0.93525177 0.9362306  0.9734503  0.84136
 0.78821418 0.99389228 0.92986133 0.9211364  0.99252531 0.82754097
 0.97829851 0.85845404 0.99928495 0.92879983 0.78825812 0.84856988
 0.92219031 0.9673109  0.98371616 0.80389751 0.97665365 0.95920995
 0.92813061 0.97986466 0.77954695 0.96825004 0.98701043 0.97005674
 0.98723923 0.79189389 0.93769657 0.8084525  0.97855504 0.98675233
 0.94980288 0.79177044 0.92979457 0.96388176 0.85943582 0.84109202
 0.88989302 0.99623783 0.9585434  0.9678235  0.94998224 0.97141017
 0.9508627  0.99576464 0.92797441 0.9974699  0.90767553 0.93233171
 0.88384313 0.99705044 0.95239685 0.97456036 0.99322381 0.90130328
 0.98832633 0.94659711 0.91618157 0.95634968 0.85675307 0.98353773
 0.68040289 0.96271507 0.78381187 0.99816759 0.99938093 0.91952655
 0.99681866 0.95504179 0.92570976 0.92825819 0.85968627 0.89162076
 0.97928113 0.97837272 0.90416095 0.97879836 0.84752871 0.98672206
 0.93356874 0.9553379  0.97738411 0.95697531 0.96848792 0.91482434
 0.93994133 0.99923793 0.98067683 0.96246787 0.92189622 0.98864091
 0.99087035 0.90428521 0.91650339 0.99839409 0.91379523 0.93464316
 0.90673146 0.81767885 0.94195351 0.95607323 0.92369757 0.7690237
 0.94244579 0.99545081 0.85052272 0.93440359 0.98444607 0.95998628
 0.96883439 0.97851172 0.81980427 0.89157073 0.99924658 0.70366099
 0.99884617 0.95780516 0.97860817 0.87401248 0.96402096 0.8511201
 0.92285454 0.61663295 0.96524199 0.77675565 0.86646305 0.81645366
 0.98636699 0.83500388 0.98037848 0.86320608 0.96162998 0.92208454
 0.87169424 0.96966079 0.97838586 0.98455318 0.95672998 0.9206498
 0.93479928 0.85425253 0.94759847 0.96141558 0.9928087  0.99208662
 0.95058177 0.6663196  0.9389782  0.97956134 0.93373828 0.88642111
 0.95212245 0.67839507 0.70137092 0.89503458 0.83659279 0.77872062
 0.9236548  0.89395369 0.88123227 0.97091258 0.97986466 0.77675565
 0.8615566  0.96536505 0.71938441 0.9630024  0.84499837 0.9672423
 0.84236152 0.92758491 0.90673557 0.83996655 0.76338706 0.93386029
 0.76446252 0.87858535 0.96305387 0.74678686 0.98745308 0.89314272
 0.99745335 0.98587032 0.96881433 0.88131123 0.94460184 0.93597824
 0.98351083 0.87425473 0.93531498 0.95699797 0.90740527 0.98626881
 0.95988059 0.95441791 0.97318942 0.85774179 0.9022147  0.9611584
 0.86741006 0.97928113 0.92174539 0.85945591 0.97421786 0.87167656
 0.81792124 0.85894008 0.9781319  0.98896807 0.94053903 0.90978479
 0.93823069 0.76524242 0.93355516 0.93576207 0.88433745 0.92293144
 0.90360136 0.87793434 0.72548877 0.70905565 0.82936025 0.79827503
 0.96085055 0.9277117  0.92487697 0.92987651 0.97284575 0.85948733
 0.86377229 0.93840007 0.90334429 0.90387452 0.86454275 0.95232153
 0.98922824 0.89306732 0.97396913 0.90994105 0.90345236 0.98703387
 0.98727715 0.90416095 0.87935236 0.78894029 0.8614624  0.9177568
 0.98124685 0.80246643 0.87310619 0.93501479 0.96587165 0.92253658
 0.93201981 0.71718792 0.81724715 0.80909356 0.99452401 0.9012255
 0.97410893 0.90445079 0.81413541 0.9482581  0.99471497 0.99071486
 0.96098116 0.9820962  0.99709338 0.95049324 0.87881465 0.73089995
 0.89154878 0.99875133 0.81318094 0.59256187 0.88370535 0.95393489
 0.97648094 0.94000844]","[ 9.55116169 10.05786801  5.61263778 11.51131194  7.15414708  6.25273214
  3.08784627  2.53506874 10.64975103  9.60772221 11.62479763 10.58630717
 12.93812733  8.98150498  2.31099025  3.50554665  3.12361234  8.80699846
  5.85100118 10.67605204  2.67976396 12.5900331   7.97639694  9.99071456
  8.27302862  0.58288498  9.08364804 11.44949798  4.62173342  5.37631917
 12.32551955 12.30304944  0.78609489  6.52001606  5.37950347 12.15544105
  7.90514123 12.58854102  3.43426382  6.91389413  5.97348668  9.32002919
  1.10627002  1.170225    4.11244165  6.96803487  8.78211067  2.18223394
  3.61283322  5.2150396   3.65154513  5.84205843  9.96006208  6.21831918
  4.13577441  0.8691613  12.87291614  9.55346201  2.41539974 12.1274897
  8.04801195  4.593817    3.25669242  6.70415885  5.02635292  7.68189083
  5.8971285   7.38737244  1.02692901  2.29877767  8.76067497  7.44718594
  6.1143407   9.7870953   7.90789939 12.32956079  7.08111571 10.12152334
  4.50561118 12.08128059  9.57703925  0.85740488  1.64349825  8.06147295
  2.70179029 11.01657442 10.57588952  8.83489633  6.06179928  4.72374018
  8.43849814 12.15976415  1.71748276 11.37557609  3.8429015  12.90275767
  4.45689317  6.15303758  7.32123343  4.05235507 12.08057648 11.54619375
  3.8347291   7.67152219  6.34743763  7.87084079  3.38115004  1.16739444
 10.77118201  7.52113275 10.40880985  8.37209452  4.53781754 10.45390885
  0.84214887  5.45131161  3.98895064 12.67537236  5.41860074  3.09730496
  7.20140134  2.67542439  9.99287214  4.53724186  8.44339127  8.78211067
  3.79909332  7.50779496  8.74220411  6.33371747  6.02227427  3.08005436
  4.28584997  8.205923   12.28008002  7.93564163 12.75254523 10.7935818
  8.4817058   5.47287963 11.69668658  6.45502988  0.80787825 12.85877953
 10.45616651 12.17361451  8.73664008  8.6094768   5.50755795  6.55902819
  0.43510438  6.29413006 11.68196496  8.6094768   2.82128328  5.88578619
  8.70258387  5.57502424  7.27033008 10.38092169  8.72337359  1.6233317
  4.84850784  4.0034363   4.71398507  4.39356672  4.62608539  6.19647137
  7.1537576   8.59522136  8.64079373  9.07471495  4.81980394  4.96203185
  2.62119844  2.33256745 12.01452336  2.09020756 12.22740395  4.24396316
  8.08485692  8.41216199  8.01662596 11.17532262 10.26673925 12.35375713
  7.24964797  7.86211038  2.09020756  8.18995256  0.22031671 10.54721691
 10.24285208  2.75473295  5.90374021  6.98163093 11.50456042  1.8818748
 12.21916565  2.84625033  1.90238372 11.74665562  1.9937341   7.2220884
 10.35071125  0.78323838  3.17366851  8.81387938  4.08026684  9.50524396
  3.43785618  8.81669547 10.6104846   7.00835356  6.62643548  7.66097208
  1.82925446  5.48677953  8.04414421 11.87878365  8.98150498  5.07510255
 11.06716515  3.34743822  2.2269378  12.54669042  5.52032422  5.49331571
  8.43739678  5.98009545  2.61409986  2.22335781  7.48805477  4.36938037
 12.30568576  5.90837905  5.07081154  7.13934464  9.22508726 11.94099732
  1.95965119  4.75142271  8.15194328  3.82905032  0.98052964  1.32092515
  4.38434486  4.50481837 11.314701    1.2447252  11.62003696  6.03808334
  3.45729583 10.91960804  3.72471227  7.66334923  2.32296616  8.32603274
 10.85237193 10.32709884  4.74293503  4.87163397 10.122676    3.23751679
  7.38590802  7.62391644  7.12884337  4.13290233  7.93797534  3.59580074
 12.10090374  3.73993213  9.65664063  7.0639491   2.5439765   0.87802898
  2.38226812  7.62005853  8.83335788  9.89418506 11.2748266   1.71273669
  9.24587631  1.15795645  8.81942952  3.36182771  6.95057655  5.88119376
  6.66543534 12.27280601 12.03729424 11.50419562  7.88615731  7.75073002
 12.7695415   8.57529121 12.96831757  2.40433107 11.27945271  0.96381694
 12.94555545  1.96866925  8.27539218 10.06317675 12.77415867  4.03419584
  5.29577867 10.67810888  3.37819453 10.85580713  9.26953366  9.81024691
  7.83209617  5.99097912 11.61776797  1.14214771  7.20774962  1.71997756
  6.86602677 12.8059847   5.82157141  7.17984921 11.36289908 11.62771525
  7.2220884  11.47992032  2.15513542  8.13527647 10.26200654  5.57125983
 10.69607067  5.47287963  2.59964466  4.49604844  5.92638366  9.81256379
  8.74116178  4.07632986  4.67958215  6.28897029  5.37767995  7.21776083
  8.18925037  7.36898416  9.60938713  4.49770653  6.04656324  5.69543606
 11.8484481   9.05765849  6.87624343  1.22845898 10.45616651  7.11656705
  1.66679634 11.12197905  1.46595243  9.30738462  3.99535709  1.83381199
  9.77401235  5.39681154  8.49143465 10.42451617  4.79361253 10.76311917
  7.85869189 10.20676855  4.44734559  2.27383486  1.40742843  3.33649081
  9.27857122  8.68035078  1.61723895 12.79956255  3.48270479 10.87596175
  3.06320044  5.56401135 11.94355207 10.98427054  4.75142271  4.49770653
 11.09418374  4.83085395 11.55815793  7.22883438  7.38617314 12.08268635
  7.1126749   1.37287954  8.35328719  5.75943367  0.39185689  9.52388
  1.31546622  2.90015638  7.07217595  9.9367135   8.48079264  4.37894403
  8.71942509  9.30929581  5.21136535  5.06183849 11.25053054  4.88907037
  6.66185557 10.96295755  3.19113138  9.29785507  8.95235923 10.56275391
  0.57132806  7.56143789  4.98936572 11.8489888   1.68493619  5.18595364
  7.81645846 12.7695415   4.75445289 12.54039672  6.10864869 12.68010243
  2.50263688 12.35217938 11.50447257  8.53597418  4.10484792  9.82173838
  9.67730054  9.9850004  12.55044185  4.34352838  8.38593771 12.51980243
  3.30761175  5.10705752 10.80578343  8.01031563 11.07548342  9.5313569
  3.74668657 12.4260458   8.99141945 12.85498771 10.95505591  8.49273465
  9.13547889 10.3542052  11.90695776  4.35483053  7.14777546  2.78460044
  2.52875499  5.23082025  7.28432204  7.24990029  3.50679883 11.70792436
  7.6042943  12.96831757  8.27180816  6.16567942  1.10298461  1.81681664
  8.81387938  2.93260927  6.31959176 10.45390885 12.71371356  4.93168698
 10.45096117  5.69750265  6.11224618  3.33074056  5.24951054  7.52113275
  7.15483709  8.44777125 10.42710741  3.00477478  9.5310157   3.81145818
  5.55041946  5.73298276  3.67864297  7.33493034  9.54457038  3.38872102
  5.13271126  3.36951898 12.40886914  4.48514657  1.38556522 10.769758
  4.42806438  5.20242925]","[0.24069472 0.29493921 0.30051111 0.2645523  0.31149933 0.28103784
 0.31128454 0.27482871 0.28682306 0.2957498  0.30279783 0.28369056
 0.27917511 0.31185874 0.31576124 0.27527133 0.29480582 0.2805205
 0.28988586 0.27335208 0.31192589 0.28000344 0.2917082  0.25627064
 0.30161129 0.35792335 0.31476821 0.28791865 0.31600571 0.29946257
 0.28135151 0.30084045 0.299069   0.31147369 0.29017754 0.31666481
 0.28179357 0.30540702 0.33685487 0.30200314 0.28233514 0.28664945
 0.31266604 0.30329336 0.29604683 0.26550805 0.30971529 0.27040869
 0.27360238 0.2876892  0.28698089 0.2749678  0.27148916 0.31371456
 0.28707876 0.31124693 0.29633635 0.29231822 0.27479725 0.28403045
 0.30541764 0.27326436 0.28429434 0.30842675 0.29470092 0.27801835
 0.2941714  0.31527669 0.31023722 0.29979958 0.29381337 0.29121665
 0.30239181 0.28322085 0.27455869 0.28564226 0.30397179 0.29617527
 0.2790474  0.27738182 0.29453785 0.29362523 0.28492541 0.27461423
 0.28687466 0.32060864 0.30200462 0.32497075 0.30156858 0.27933762
 0.27580498 0.27849629 0.33061317 0.28913286 0.31777248 0.31846156
 0.30376236 0.33262461 0.30082219 0.33163396 0.31410039 0.32456101
 0.28635022 0.2729561  0.29992654 0.2885244  0.28163865 0.29687092
 0.29972016 0.27835471 0.26139106 0.29234938 0.28731567 0.29578321
 0.29805944 0.30866353 0.31319965 0.2766942  0.26610445 0.29003375
 0.29727431 0.31029614 0.29414616 0.32779856 0.2797839  0.30971529
 0.29518346 0.26003443 0.285062   0.29212402 0.28263319 0.32706467
 0.31454279 0.24676197 0.29208053 0.27508242 0.27802006 0.29901535
 0.25235095 0.30105976 0.26081636 0.31974519 0.26880584 0.27313728
 0.2965292  0.32706096 0.29461913 0.28458268 0.32162449 0.27943998
 0.32094402 0.27526612 0.30447031 0.28458268 0.33808386 0.3017796
 0.29376037 0.34624814 0.32106363 0.2707961  0.27851758 0.32308079
 0.30235671 0.31957272 0.32530275 0.31063841 0.26824976 0.26699358
 0.30736371 0.2862127  0.28288503 0.31916641 0.25075596 0.30608068
 0.27872039 0.29794878 0.36362271 0.28987592 0.27997567 0.28732463
 0.29551466 0.26568145 0.29310133 0.34311427 0.28975449 0.27405315
 0.30347562 0.27699304 0.28987592 0.30228069 0.2925855  0.29353865
 0.27366019 0.31558676 0.29666828 0.26699126 0.26969578 0.28447216
 0.3172142  0.28814133 0.27190619 0.29178866 0.3243898  0.27096357
 0.24272776 0.29384794 0.29830614 0.31661159 0.27195638 0.28407399
 0.25458654 0.2744962  0.32203849 0.31056579 0.26138128 0.31017033
 0.31800461 0.32290806 0.28005612 0.3217775  0.31185874 0.32713964
 0.30679333 0.31726214 0.34271175 0.27261804 0.28616092 0.28849537
 0.28357005 0.26575532 0.29570166 0.30231109 0.2478144  0.30288695
 0.31194966 0.27024344 0.29912259 0.29922191 0.32375476 0.30304424
 0.29032018 0.27482848 0.32469021 0.29377643 0.31654671 0.27094265
 0.31754425 0.2972457  0.32138306 0.32136014 0.29396807 0.32403395
 0.28670323 0.30896316 0.29366643 0.26309587 0.31180448 0.31112178
 0.30630357 0.29256376 0.25740429 0.28862004 0.29179364 0.2707184
 0.28712064 0.26778223 0.27568827 0.26676039 0.30786971 0.30306479
 0.27438838 0.31514895 0.28779783 0.30547914 0.30208593 0.31075598
 0.34296986 0.28356055 0.26747241 0.24917994 0.28141672 0.28916944
 0.28149166 0.33076542 0.29120989 0.29192167 0.279052   0.25398543
 0.31075327 0.346179   0.29099173 0.30058257 0.30527104 0.27437792
 0.32597928 0.32631498 0.33940528 0.27773187 0.27634812 0.30440012
 0.28858395 0.28253469 0.25201641 0.31408959 0.2830587  0.31907634
 0.2799591  0.30885534 0.27695643 0.27643926 0.27808431 0.31988455
 0.3012968  0.29495898 0.30231342 0.28880768 0.2968339  0.30325287
 0.32967256 0.30208406 0.27314266 0.27694969 0.32470938 0.28617892
 0.27096357 0.29695878 0.29197031 0.30074423 0.26848079 0.28490058
 0.31566978 0.30105976 0.30433613 0.28883839 0.28518616 0.31191951
 0.31582334 0.27242097 0.250299   0.29378448 0.31162689 0.27303928
 0.2773098  0.33491728 0.27869551 0.2826131  0.28241437 0.28529981
 0.28337602 0.29508324 0.27697259 0.31630901 0.2965292  0.29297791
 0.27763303 0.2696797  0.32668888 0.29570549 0.31895481 0.29952169
 0.27583536 0.3170427  0.26479746 0.25054649 0.25339901 0.30153699
 0.2860738  0.27278973 0.32471989 0.27988378 0.27505178 0.29101571
 0.24708687 0.30389332 0.29133488 0.3006175  0.24549724 0.30102326
 0.29652115 0.31168167 0.32191866 0.32201344 0.27482848 0.2826131
 0.30698377 0.31156553 0.33324415 0.29980867 0.29579427 0.29095914
 0.28384417 0.32368369 0.26120758 0.31686286 0.30120632 0.25429895
 0.31910329 0.27551652 0.30423218 0.29685494 0.29513479 0.3054411
 0.30361149 0.3096047  0.28609859 0.31102193 0.26080093 0.28105071
 0.27276176 0.27891261 0.31011377 0.27815035 0.325249   0.29495165
 0.27142936 0.2986237  0.29248826 0.29186218 0.3260277  0.27179846
 0.26927293 0.32597928 0.28031356 0.30425845 0.2897906  0.30989956
 0.29533536 0.29841414 0.27787985 0.30814474 0.26178992 0.3087937
 0.30910575 0.29390342 0.25683053 0.25614923 0.26619185 0.32359526
 0.26806533 0.28477428 0.29986743 0.3304536  0.2806618  0.29758834
 0.28992931 0.26295715 0.28434297 0.31326696 0.30889458 0.36904278
 0.28530701 0.27811512 0.32516888 0.26897722 0.31838769 0.29462389
 0.28766802 0.29367652 0.28349878 0.30963773 0.27635515 0.30275169
 0.31111691 0.33940528 0.25907935 0.31005591 0.31569935 0.32764892
 0.31661159 0.30659303 0.3102373  0.29578321 0.27105787 0.27606029
 0.28349243 0.28702579 0.3069445  0.27090682 0.32230613 0.27835471
 0.30690785 0.31951652 0.33001552 0.29809218 0.28795178 0.33089799
 0.26802402 0.29618161 0.31339602 0.32274703 0.28892374 0.33442578
 0.29753655 0.29441777 0.28464945 0.29158145 0.28880141 0.33405568
 0.30353239 0.27957217]","[-3.57977061 -2.18533044 -2.71768331 -2.46350264 -2.53847346 -2.72548535
 -2.76279473 -3.05927181 -2.87145384 -2.5688517  -2.4160171  -3.00451228
 -2.93903052 -3.1019263  -2.67248352 -2.76161936 -2.71920192 -2.90942123
 -3.01795588 -2.1394785  -3.6732272  -2.74616565 -2.63733114 -3.83508138
 -3.73301127 -2.72985463 -3.51313297 -3.07244975 -3.84070176 -2.62149159
 -2.20454579 -3.28927625 -2.23368828 -3.00050065 -2.38401032 -2.63719705
 -2.30288843 -3.05144728 -2.2138783  -2.43307087 -3.30419451 -2.98851359
 -2.81477695 -3.41475842 -2.46457573 -3.33917855 -2.22016995 -2.58751876
 -3.67772323 -2.57494287 -2.40119435 -3.79776502 -3.28758648 -2.23265665
 -2.41840808 -2.50089975 -3.10563082 -3.5400626  -3.24274675 -2.73644008
 -2.49407851 -3.57964405 -2.94714548 -2.68957458 -2.64771827 -3.6462716
 -2.30111118 -3.05809089 -2.70674865 -3.34877699 -2.65420302 -2.64112932
 -2.04123563 -2.34381919 -2.76096768 -2.06761711 -2.61544835 -3.50141645
 -2.54187002 -2.44804125 -2.85137874 -3.15353933 -3.20884161 -3.25072357
 -2.57606566 -2.40704646 -2.69563042 -3.69118975 -2.34863403 -3.20916698
 -3.57796979 -3.14599416 -2.46645905 -2.84775956 -2.70608273 -2.60074826
 -2.62391466 -2.81892435 -2.14961162 -2.19950328 -2.39576291 -2.64480446
 -3.53161941 -2.86477541 -2.17593563 -2.64231048 -2.86729582 -2.20452133
 -2.96174434 -2.42660942 -2.19137331 -2.86876232 -2.48792345 -2.54514066
 -2.80080471 -2.87005659 -2.7736825  -2.85010592 -2.84285833 -2.20056388
 -2.40299277 -2.86573686 -3.39631568 -2.7841647  -2.57543368 -2.22016995
 -2.84008438 -3.79032637 -2.83086845 -2.82160413 -2.81126635 -3.04717259
 -3.39829274 -3.44398093 -2.37663571 -2.88734473 -3.27346037 -2.6651572
 -2.85603169 -2.2314337  -3.80923896 -2.07709231 -3.65148966 -2.97296337
 -2.52835    -2.66280824 -3.30276456 -3.28577848 -2.35623908 -2.7306822
 -2.15465153 -3.09244972 -2.75342598 -3.28577848 -2.33805101 -2.61054507
 -2.1827732  -2.28271624 -3.01158272 -3.18688975 -2.52364638 -2.05188246
 -2.91852893 -2.36703898 -2.68470036 -2.10410496 -2.68704981 -2.92547867
 -2.57577411 -2.97879286 -2.17966445 -2.09154973 -2.8872003  -2.52076467
 -2.5245957  -3.30429107 -2.24494998 -2.31942837 -2.39388922 -2.37421688
 -2.36893023 -3.0595693  -2.58480798 -2.43749391 -2.9917375  -2.70879556
 -2.19674008 -2.70798205 -2.31942837 -2.2694484  -2.47299438 -2.91267204
 -3.15184262 -2.93248589 -3.68078146 -2.92708027 -2.64191948 -2.93938852
 -2.50680338 -2.55784581 -2.89985295 -2.50315461 -2.65978192 -3.62934103
 -2.70040471 -2.1085075  -3.0079862  -2.09633052 -3.37265273 -3.06145332
 -2.6662807  -2.68302479 -2.62017013 -2.94291651 -2.79775157 -2.85045819
 -2.70299807 -2.21113952 -2.33617626 -3.20558152 -3.1019263  -2.77475625
 -2.82911846 -3.06655155 -2.03691505 -2.30813545 -3.17350442 -2.65180716
 -3.63506743 -2.65986027 -3.57931582 -2.8979188  -3.28011204 -3.18566831
 -2.69795063 -3.36145334 -3.07268718 -3.2388017  -2.27652758 -3.03098994
 -3.1049693  -2.765831   -2.03401496 -3.22465935 -2.69867734 -3.16833918
 -2.71751714 -3.02964944 -3.64197193 -2.39553462 -2.02152012 -2.3544028
 -2.81016615 -2.86121694 -2.4550943  -3.1394751  -3.47959956 -2.4652741
 -2.31831861 -2.71373903 -2.30508146 -2.53140098 -2.86950908 -2.90997033
 -2.82113927 -2.58265315 -3.01725955 -2.97354559 -2.42991155 -2.01487064
 -2.98990332 -3.03209464 -2.94884179 -2.78974886 -2.90268453 -3.11915051
 -2.73032244 -2.83788583 -3.15021646 -3.02347589 -3.34267895 -3.78380935
 -2.90948868 -2.74696686 -3.1416364  -2.95397833 -2.70279336 -3.29344873
 -2.26200619 -2.73583879 -2.78904506 -3.14101389 -2.47304918 -2.17903334
 -2.70809911 -3.07055495 -2.04311184 -2.90357018 -3.23593691 -3.8047434
 -2.77722035 -2.97007807 -3.14136294 -3.24709694 -2.15341565 -2.35538497
 -2.52228886 -2.51926019 -3.1376828  -2.24008877 -3.06714247 -3.10759414
 -2.68477012 -2.05391703 -2.31137561 -3.03004263 -2.81471048 -3.82669364
 -2.89175459 -2.33270344 -2.50867682 -2.60698005 -2.95752811 -2.02184991
 -3.62934103 -2.40467045 -3.65242753 -2.27990415 -2.79842024 -3.39324388
 -2.19416309 -2.2314337  -2.14766937 -3.03869412 -2.71272586 -2.33002237
 -3.03027758 -3.10861704 -3.81354602 -2.5512412  -2.2205494  -3.49332689
 -2.72293868 -2.67077224 -3.88402676 -3.04973777 -3.28414477 -2.80524916
 -2.94316791 -2.61989144 -2.41062928 -2.47976604 -2.52835    -2.27523687
 -2.75464208 -3.67126426 -2.17311203 -2.19737447 -2.82982576 -2.85802427
 -2.24208923 -3.05489454 -2.84677001 -3.19509799 -2.89372813 -3.45075808
 -2.07272098 -3.04546984 -2.88566759 -2.51683361 -2.94109962 -2.33479821
 -2.99158132 -3.21010472 -3.20585124 -2.67359687 -2.36896095 -2.76485782
 -2.80558029 -2.57699767 -2.2857708  -2.71570832 -2.765831   -3.04973777
 -3.41221181 -2.92143417 -2.6753983  -2.95173683 -3.12658803 -2.04489764
 -3.35686868 -2.15638551 -2.77819936 -2.77321394 -3.35591577 -2.12124032
 -3.45196086 -3.36930054 -3.00122969 -2.05439525 -2.90436577 -2.64303632
 -2.16369094 -3.00946912 -2.26324499 -2.27099664 -2.2360909  -3.39555457
 -2.90178317 -3.40714276 -2.57293617 -2.48509827 -2.97553188 -2.0575874
 -2.30628898 -2.50148696 -2.76473547 -2.45922512 -3.46005527 -3.18325256
 -2.87705084 -2.70809911 -2.67037168 -3.06576938 -3.07929951 -2.36567504
 -2.94074808 -3.05456295 -2.91570984 -3.94317726 -2.93308065 -2.16028232
 -3.24281442 -3.01118942 -2.14795953 -3.36204393 -2.3504629  -2.94265999
 -2.95817185 -3.40616741 -2.96058357 -3.15988587 -2.60864526 -2.55468519
 -2.39198842 -2.922779   -3.09412275 -2.57707962 -2.60452126 -2.5022416
 -2.76804559 -2.76081562 -2.85241992 -2.82288623 -2.97437553 -2.79743985
 -3.53231219 -3.15440812 -2.90977112 -2.55494521 -3.74938859 -2.34481975
 -2.00385781 -2.04311184 -3.00410772 -2.50720551 -2.41385488 -2.64420246
 -2.09633052 -3.7950511  -3.01521892 -2.54514066 -3.11175058 -3.70402801
 -2.27924458 -3.24478737 -2.68120308 -3.03719129 -2.79454273 -2.42660942
 -2.36939618 -2.79201705 -2.61072679 -2.96884053 -2.94796083 -3.35404202
 -2.64724822 -2.33854742 -2.65654207 -2.70811773 -3.45403352 -2.12134315
 -3.27304444 -2.25968988 -2.54091116 -3.0051237  -2.87870079 -3.41119098
 -2.54272793 -2.38585973]","[7.92414167 7.76705964 7.90505001 7.96880166 7.95315105 7.95938089
 7.99835411 7.92283191 7.94198396 7.97934129 8.09978551 7.88923738
 7.88485397 8.04022254 7.90562718 7.92743099 7.9166027  7.93137072
 7.84561864 7.8910336  7.94997059 7.86022124 8.00580197 7.96837195
 8.03246971 7.98567403 8.08135689 7.93130929 8.00132801 7.82346768
 7.97856166 7.94926546 7.99093048 7.90522897 7.96678293 7.92812115
 7.71488412 8.02347081 7.85338935 7.79026874 7.88284119 7.79305751
 7.84457286 7.88453956 7.78641352 8.00575903 7.95043077 7.9312315
 7.87538712 7.91471787 7.82699094 7.92253865 7.89854555 7.87147257
 7.80398183 7.95686534 7.88742436 8.00068022 7.91317855 7.86162787
 7.85884209 7.9218548  7.90995748 7.9530687  7.87104617 7.98908949
 8.01069403 7.92550217 7.83785385 7.94291452 7.9369138  7.90607083
 7.84900159 7.87852154 7.82441008 7.92464968 7.89157588 8.09217184
 7.87918905 7.91930538 7.93190677 7.91923848 8.06630873 8.02005086
 7.88990842 7.93490312 7.88994433 7.9675974  8.01979713 7.91319776
 7.91229586 7.85043966 7.95256532 8.00019339 7.89224399 7.92540374
 7.91234259 8.05928665 7.82860458 7.95480126 8.00683887 8.00980062
 7.83915039 7.90349161 8.09606949 7.94761612 7.94053664 7.86843686
 7.90107394 7.94688839 7.87096753 7.96951988 7.87310371 7.76078946
 7.87627264 7.93025622 8.00658304 7.85250593 7.82558239 7.96069582
 8.01200186 7.82611309 7.91540575 7.80598118 7.99980751 7.95043077
 7.94948315 8.10171801 7.89880501 8.02124257 8.03368975 7.82707986
 7.91537499 7.85102441 7.89088321 7.77414322 8.02441955 7.90716472
 7.95093708 7.90189538 7.99572467 8.01196445 7.92961869 7.74031071
 7.92249705 7.99237819 8.0173878  7.78103005 7.89987917 8.01016318
 7.86641882 7.97406603 7.87993903 7.78103005 8.00877248 7.84922491
 7.99822617 7.90593811 7.99139994 7.80202156 7.89825133 7.9155507
 7.96614889 7.81448928 8.01133954 7.9674046  7.89709521 7.90475837
 8.05340851 7.76675928 8.1125103  8.06250733 7.81860116 7.82845585
 7.93643614 7.94367775 8.00027055 7.7809223  7.97887308 7.89311684
 7.86379303 7.9140461  7.83165698 8.03726556 7.85188592 7.80114549
 7.89898093 7.6712436  7.7809223  7.93764775 7.79103631 7.77995021
 7.90183701 7.97203792 8.05237162 7.91611751 8.02273936 8.0284099
 7.89511308 7.80140897 7.90120621 8.00233445 7.80672778 7.92367354
 7.98917655 7.96673986 7.9074237  7.97111866 7.97475288 7.98594739
 7.86208509 7.78907674 7.92404994 7.9424316  7.75341109 8.00952787
 7.93598808 7.93474557 7.78279745 7.94886584 8.04022254 8.0011232
 7.89040067 7.94613839 7.93635708 7.87714281 7.99358454 7.98337626
 7.97816418 7.80916045 7.98539587 7.90356718 7.83630785 7.96243534
 7.99289302 7.89475094 7.99860019 7.92824525 7.96109462 7.92925444
 7.84293971 7.89958998 7.91328194 7.90702083 7.93672219 7.9619626
 7.93772762 7.80501699 7.97154038 8.03847497 7.95233776 7.90026082
 7.98721447 7.90046617 8.02409213 7.87779049 8.01331876 7.87229413
 7.9729663  7.85605819 7.7755538  7.85093673 7.89547039 7.90427847
 7.9154689  7.98186551 7.97552036 7.86829047 7.99058465 8.05271281
 7.9028387  7.88590816 7.92395033 7.76542759 8.00016128 7.9941376
 8.0279923  7.78454383 7.91869432 7.96327245 7.86333239 7.85429913
 7.97954969 7.86113591 7.93457079 8.02006016 7.94735663 7.88537316
 7.98576534 7.95829825 7.94633199 7.92170512 8.0170358  7.93169057
 7.89168429 8.12158862 7.98053958 7.98068008 8.05355055 8.00166648
 7.82566845 7.99431974 7.90662967 7.98141356 7.79973652 7.93451034
 7.89166966 7.93011757 7.89111361 7.93020376 7.83797357 8.04107742
 7.85941091 7.94278553 8.01228392 7.83250701 7.92340536 8.01348509
 7.82028093 7.95150316 7.91696476 7.87353044 8.05262992 7.82801398
 7.92367354 7.834224   7.88512657 7.91443097 7.87724686 7.86017449
 8.00900161 7.90189538 7.94234271 7.86256518 7.78503443 7.90079467
 7.97352132 7.87894319 7.80178625 7.91821368 7.9425559  7.99373478
 7.88856707 7.99002766 7.87735467 7.89866338 7.86501888 7.94647039
 7.93984369 7.8826676  7.99496728 7.82282808 7.92249705 7.85888963
 7.90048674 8.02703877 7.85465238 7.98550666 8.03228202 8.01887474
 7.9996988  7.96223322 7.80743153 7.78400106 7.89136989 7.95569696
 7.7021038  7.91745231 7.90444972 7.90131031 7.89555572 7.85370908
 7.96983457 7.98837563 7.85359552 7.97044349 7.90675011 7.85348216
 7.85068378 7.92594315 7.8215763  7.86475127 7.89958998 7.89866338
 8.03520418 7.99496556 7.90934486 8.08183173 7.85138739 8.11009577
 8.00087337 7.96215751 7.86127895 7.8960286  7.94133817 8.06780607
 8.03441607 7.9645099  7.73989988 7.97582732 8.07888971 7.97848344
 7.9728368  7.97368094 7.88137599 7.92411225 7.74819389 7.98723093
 7.9590594  7.9056373  7.97515077 7.78442937 8.02450858 7.86468607
 7.76479508 7.97700428 7.90225892 7.88600812 8.05660275 8.01891095
 8.01175368 7.89168429 8.08271739 8.01992355 7.87485236 7.93337653
 7.86735211 7.9206934  7.95863149 7.99967172 7.90832674 8.07044028
 7.94974271 7.88324415 7.81798549 8.04930364 7.88384143 7.90016537
 7.84824154 7.9609079  7.93046409 8.07452372 7.86878427 7.9212669
 7.81134467 7.9655151  7.97144664 7.97793742 7.85889938 7.89726601
 7.89943733 7.85486924 7.88701324 7.8958959  7.89153729 7.81151362
 8.01979699 8.04304112 8.01082949 7.89492237 7.93892765 7.97947058
 7.89572309 7.98053958 7.85228108 8.13264153 7.9634397  8.02284495
 7.97111866 7.90031822 7.96255123 7.76078946 7.95538346 7.78655404
 7.95001343 8.00585456 7.88917329 7.79842797 7.95992714 7.94688839
 7.79772966 7.97455003 7.96481297 7.8284005  7.85412258 8.0379488
 7.98737103 7.96656404 7.86377245 7.96677909 7.89520259 7.98807405
 7.89092498 8.01286132 7.90483382 7.93567986 8.02742057 8.02272263
 7.88264936 7.90411956]","[8.0452835  7.86517049 8.02026091 8.09671905 8.07467171 8.08502796
 8.12788253 8.0450699  8.06196699 8.10937542 8.23795518 8.00592841
 8.0040516  8.17323117 8.0236006  8.04783598 8.03298771 8.05304218
 7.95542782 8.01073236 8.07293772 7.97162102 8.13510924 8.09663893
 8.16847248 8.10830178 8.21911236 8.05541507 8.13367948 7.92642677
 8.0998134  8.06945423 8.11743671 8.0209627  8.08985703 8.04404154
 7.81047412 8.15776476 7.96072907 7.89002709 8.00215757 7.89794355
 7.9495125  8.00163743 7.88899329 8.13855783 8.06909588 8.05676484
 7.99296258 8.03469061 7.9333864  8.04800354 8.01896443 7.98176676
 7.90783017 8.07542269 8.00156191 8.1310423  8.03531898 7.97626848
 7.96695235 8.04365164 8.03140309 8.07634957 7.98377487 8.12090565
 8.13830419 8.04496323 7.94543452 8.06884596 8.0602447  8.02442884
 7.95379298 7.99164149 7.93306421 8.041606   8.00559929 8.23285881
 7.99539784 8.03715587 8.05363219 8.04011938 8.20761183 8.1557181
 8.00622052 8.05328962 8.00586951 8.09343569 8.14965439 8.03055626
 8.0320452  7.96240275 8.07094628 8.12682641 8.00295406 8.04229698
 8.02998761 8.19321221 7.93479282 8.07335646 8.13226729 8.13716073
 7.95226484 8.02318314 8.23365804 8.06910521 8.06228246 7.97643485
 8.01438743 8.0695185  7.98610115 8.09402796 7.98840753 7.85773186
 7.98827929 8.048963   8.13503396 7.9651796  7.93888504 8.08638139
 8.14231972 7.93268348 8.03321221 7.90728143 8.12698258 8.06909588
 8.07197223 8.24679029 8.01975765 8.15189475 8.17037555 7.93225349
 8.03649332 7.96702739 8.0047475  7.87525141 8.15774706 8.02567787
 8.07769402 8.01888923 8.12807239 8.13835332 8.05474676 7.83905193
 8.04190185 8.11864773 8.14793145 7.88522348 8.01576035 8.13814037
 7.97463242 8.1007739  7.99553613 7.88522348 8.13541639 7.96013876
 8.12368769 8.01904899 8.11568222 7.91268126 8.01563224 8.02884418
 8.09145277 7.91651883 8.13633156 8.09032159 8.01535003 8.0252755
 8.18720923 7.87344673 8.25398385 8.19372343 7.92949049 7.93560064
 8.05573257 8.06573211 8.12557435 7.8834262  8.1069629  8.00811734
 7.97501688 8.03578157 7.93821711 8.16561024 7.96324728 7.90622266
 8.01074263 7.76116842 7.8834262  8.05695577 7.89062231 7.88634442
 8.02265538 8.09763829 8.19002612 8.03807802 8.15670435 8.16605953
 8.00746648 7.90606171 8.02007856 8.13136849 7.9073199  8.04747885
 8.12120843 8.08504142 8.02627    8.09475166 8.1070778  8.11679086
 7.97508104 7.89291612 8.04153664 8.0654283  7.85540482 8.13937178
 8.05649977 8.05135393 7.8839247  8.06973875 8.17323117 8.12875868
 8.00555952 8.0680064  8.05138323 7.98967952 8.12176758 8.11339892
 8.10375555 7.91664546 8.11480802 8.02104449 7.95228217 8.08803143
 8.11939043 8.01385281 8.12890974 8.05303946 8.08018577 8.0467496
 7.95149572 8.0207612  8.02608135 8.02535301 8.05512206 8.08805479
 8.0565942  7.91136311 8.09675785 8.1682773  8.07284683 8.01408628
 8.11550436 8.01581159 8.15511354 7.99666987 8.14845494 7.98338086
 8.10027726 7.96797244 7.87989828 7.96094302 8.01403624 8.02329622
 8.03636236 8.11093187 8.10485909 7.98433803 8.11984324 8.18337132
 8.02366195 8.00097975 8.04331515 7.86680112 8.12955481 8.12162604
 8.15969693 7.88776165 8.03992228 8.09426568 7.97884743 7.96681743
 8.11087132 7.96944396 8.05559403 8.14974359 8.06926433 8.00635086
 8.107481   8.07958575 8.06933534 8.04097257 8.14619649 8.05177492
 8.00451606 8.26310325 8.10235722 8.1088235  8.19338094 8.13021702
 7.93276044 8.12506068 8.03016926 8.10761936 7.89999915 8.05424179
 8.01128144 8.04998657 8.00920013 8.05224776 7.9501233  8.17280589
 7.96959449 8.06307686 8.14112177 7.94087025 8.04328838 8.14480919
 7.92320974 8.0713175  8.03822245 7.98973626 8.18545588 7.93555757
 8.04747885 7.9426638  8.00367938 8.03186016 7.99351886 7.97579792
 8.13421619 8.01888923 8.06382489 7.97564775 7.88737658 8.01859814
 8.09646609 7.9964421  7.91307894 8.03761618 8.06204775 8.12428448
 8.00484553 8.11642631 7.99688961 8.01923865 7.98044481 8.07265911
 8.06280596 7.99871274 8.12520099 7.92625985 8.04190185 7.97226235
 8.02038374 8.16160236 7.96069166 8.11473699 8.16299222 8.14951784
 8.12991437 8.08686319 7.91289771 7.89392528 8.00967547 8.07880845
 7.79088888 8.03902292 8.0187659  8.01899101 8.01472027 7.96238719
 8.09730162 8.11740768 7.9679361  8.09391712 8.03135591 7.96584215
 7.96031313 8.04187623 7.92411485 7.97431533 8.0207612  8.01923865
 8.16897905 8.12233502 8.0273891  8.21963949 7.96327209 8.25033214
 8.13274366 8.08296226 7.97663024 8.01096293 8.06210676 8.20833245
 8.16870204 8.09067324 7.83763253 8.10318581 8.22015033 8.10404109
 8.0954405  8.09840225 7.99555769 8.04034501 7.84800484 8.11553774
 8.08499918 8.02561756 8.09780661 7.88750188 8.1545771  7.97421711
 7.86651786 8.10266822 8.01655134 8.00279788 8.18867442 8.1543462
 8.14399087 8.00451606 8.22302428 8.15291319 7.99126397 8.04907766
 7.98207663 8.04264919 8.08194728 8.12860309 8.02766658 8.20287577
 8.07397568 7.99811055 7.92443599 8.18931109 8.00090209 8.01383252
 7.96207864 8.0900987  8.05050068 8.21294535 7.98269405 8.04148393
 7.91401553 8.09546031 8.09977071 8.10300331 7.96896737 8.00806044
 8.01609124 7.96744346 8.00259598 8.01528037 8.00505313 7.91783984
 8.15329397 8.18160304 8.1422366  8.00904662 8.06564884 8.10244481
 8.00816421 8.10235722 7.96759597 8.27549422 8.0869304  8.15121057
 8.09475166 8.01865304 8.08648081 7.85773186 8.08196422 7.89386565
 8.07201932 8.1411566  8.00576675 7.90918511 8.0778741  8.0695185
 7.90070786 8.09964118 8.08702761 7.93480659 7.96472521 8.16800243
 8.11452189 8.09004876 7.97175306 8.08802716 8.01801719 8.11026323
 8.00682115 8.1437975  8.02395269 8.06097871 8.15972541 8.14956828
 7.99726196 8.01806642]","[0.64446087 0.6639715  0.69219858 0.61911425 0.68337526 0.63624845
 0.64033036 0.62809566 0.6873305  0.60675593 0.66567954 0.64952978
 0.61087845 0.65162784 0.65764062 0.65941235 0.69702621 0.64822601
 0.66486195 0.61385362 0.65789506 0.67138418 0.6543159  0.6137781
 0.59775886 0.72175951 0.64267576 0.61611673 0.61017998 0.70548833
 0.72890706 0.69626568 0.67120392 0.68722374 0.68308274 0.72025439
 0.60393099 0.61135638 0.7039771  0.68654972 0.60782311 0.63921095
 0.72771074 0.63911031 0.65603284 0.60434243 0.72003526 0.59791393
 0.61609393 0.64595758 0.67814158 0.587254   0.616511   0.70204594
 0.66971724 0.73497747 0.67962646 0.63150746 0.61541147 0.63386327
 0.70177443 0.63264537 0.61996597 0.65900248 0.66935015 0.59556528
 0.68667349 0.66868104 0.68507832 0.60915594 0.63421705 0.65377388
 0.73125008 0.67780308 0.64815292 0.70092029 0.68644307 0.61450577
 0.64009094 0.68017054 0.64831461 0.64132381 0.56696332 0.58587937
 0.65563363 0.6978484  0.65959118 0.6458191  0.66752284 0.67772106
 0.64531956 0.64982469 0.72693599 0.68450075 0.73036409 0.70226515
 0.67268939 0.6691015  0.68248012 0.72838216 0.7131766  0.6887023
 0.61927913 0.63307995 0.66600863 0.67529464 0.66083086 0.72965185
 0.71238566 0.65837288 0.64132099 0.66712979 0.64303264 0.66229546
 0.69375749 0.68631131 0.66807719 0.64453098 0.59847344 0.63740102
 0.6488499  0.67561629 0.67549422 0.69836363 0.67580365 0.72003526
 0.66420559 0.56628253 0.60900455 0.65838831 0.58924539 0.68842265
 0.63110043 0.60248338 0.68581183 0.64650412 0.6244456  0.65323223
 0.60920471 0.6653482  0.59730573 0.70769985 0.60022758 0.61833962
 0.66490479 0.67793355 0.65319405 0.63089716 0.67421454 0.68029241
 0.73058478 0.64327396 0.64715744 0.63089716 0.6979404  0.65767053
 0.69842757 0.72334689 0.70492061 0.59366454 0.65221384 0.73825175
 0.6513629  0.70499209 0.72732783 0.68590677 0.64138307 0.62396648
 0.66031009 0.58002245 0.63184086 0.71374681 0.61564153 0.66793204
 0.68822661 0.66191819 0.70458492 0.64862659 0.63117177 0.67767769
 0.67896716 0.62191492 0.679165   0.71854648 0.65805231 0.65005936
 0.72897452 0.56906032 0.64862659 0.68940905 0.71356158 0.60784094
 0.61618413 0.65551125 0.60359558 0.62206251 0.61228643 0.56794542
 0.71363868 0.65728701 0.64056551 0.65291525 0.70633178 0.6091761
 0.59282963 0.7550866  0.64952639 0.68197239 0.57049474 0.60488967
 0.65548092 0.64609969 0.69232341 0.64689075 0.61125086 0.65156902
 0.67118172 0.72294354 0.66143324 0.68568599 0.65162784 0.67180749
 0.667965   0.66813243 0.74821661 0.68234411 0.65143132 0.612459
 0.66510309 0.63589241 0.62155648 0.66173633 0.58097479 0.64163724
 0.67514857 0.62772517 0.62859691 0.60317307 0.73144387 0.70121077
 0.67874032 0.60879995 0.73511593 0.65587233 0.70346975 0.63336589
 0.69660593 0.64012099 0.66036028 0.69729658 0.69661156 0.70432157
 0.64055657 0.68132589 0.65648079 0.606263   0.58376222 0.69099359
 0.63390395 0.65908094 0.62182977 0.67379048 0.63519345 0.6430415
 0.63482316 0.62189443 0.60975619 0.62761108 0.63261059 0.70684473
 0.61706925 0.66604996 0.66760297 0.6346232  0.64335618 0.66138984
 0.65091115 0.64497618 0.63498612 0.5712911  0.62441434 0.6509609
 0.59192944 0.71368158 0.66066421 0.66932464 0.66931498 0.59118931
 0.73411483 0.69493282 0.65253082 0.66520961 0.6742381  0.66946354
 0.70298208 0.64416177 0.72330555 0.63258345 0.57677293 0.65663495
 0.66639817 0.61581575 0.58900981 0.66147424 0.69661484 0.67900047
 0.61677958 0.67068806 0.63556924 0.64140093 0.62804371 0.67180679
 0.68513471 0.68409491 0.67120811 0.66855248 0.65964671 0.63514877
 0.70206895 0.70381487 0.63228002 0.63243977 0.67421117 0.66071507
 0.6091761  0.66624689 0.62023572 0.67835027 0.637329   0.62032866
 0.71982176 0.6653482  0.66695792 0.65323152 0.65584019 0.65009575
 0.69570032 0.6248268  0.58836015 0.65780015 0.69532332 0.61990961
 0.65330486 0.67330843 0.59774408 0.6138238  0.62825822 0.61097161
 0.64352075 0.6461307  0.62460793 0.70348782 0.66490479 0.64449843
 0.6260585  0.6103726  0.72972499 0.62500123 0.6733743  0.6534029
 0.63232618 0.65442378 0.65664217 0.57780115 0.63312125 0.66539018
 0.61510953 0.62769939 0.70393886 0.65624492 0.62887659 0.69213848
 0.62686263 0.63449768 0.623428   0.6830787  0.57621295 0.64550893
 0.6773127  0.71646314 0.70697387 0.70046389 0.60879995 0.6138238
 0.63505291 0.66537066 0.66012914 0.64193995 0.64939427 0.64739493
 0.61221879 0.70901039 0.62418759 0.68060434 0.67879138 0.58399033
 0.62484072 0.63683374 0.62655332 0.63822824 0.58712018 0.66620892
 0.69954959 0.67051035 0.6696135  0.70926331 0.62166805 0.64060669
 0.6317244  0.63161448 0.70248324 0.6463793  0.6719554  0.70118053
 0.63878915 0.66236212 0.70124703 0.64222709 0.69004107 0.58674264
 0.62238639 0.70298208 0.60682378 0.62402097 0.63216841 0.73134502
 0.64001516 0.62826306 0.66703431 0.64995906 0.64450023 0.70875237
 0.64112367 0.66028339 0.66161752 0.56535523 0.63613713 0.70465875
 0.62374634 0.59181754 0.66696491 0.62848331 0.65099987 0.65118237
 0.69280927 0.58809147 0.61775881 0.67232006 0.68509688 0.73610292
 0.66425676 0.64819572 0.65924178 0.62543792 0.69185804 0.65513671
 0.61317403 0.57796619 0.63118913 0.69028759 0.59326182 0.70482708
 0.7151179  0.72330555 0.61142456 0.64571121 0.67219255 0.69390662
 0.68197239 0.64432433 0.66448085 0.66229546 0.61800515 0.60711251
 0.67174907 0.575492   0.64904194 0.58637277 0.74663791 0.65837288
 0.66812138 0.66676351 0.69165258 0.67996205 0.67183277 0.69187721
 0.6570075  0.67695873 0.71976729 0.70926267 0.58223358 0.7299737
 0.66143564 0.63999133 0.64076473 0.60757256 0.6415428  0.71760811
 0.66638701 0.70818836]","[-8.11494511 -7.9449102  -8.0648193  -8.17703086 -8.1184918  -8.15575415
 -8.19195002 -8.12480612 -8.10481834 -8.19632726 -8.2765203  -8.07663831
 -8.09889916 -8.22622292 -8.08763855 -8.10827391 -8.07335359 -8.11964427
 -8.02288716 -8.10296878 -8.13181397 -8.03325013 -8.1900145  -8.18036056
 -8.25594368 -8.12728152 -8.27336497 -8.14164629 -8.21587005 -7.97497784
 -8.1158895  -8.10649047 -8.16407599 -8.06813082 -8.13230962 -8.07063524
 -7.93389681 -8.23717636 -8.00583082 -7.95359674 -8.09906398 -7.9874133
 -7.98261407 -8.07896373 -7.96948794 -8.22447594 -8.09307701 -8.15459283
 -8.08574019 -8.10451387 -7.99567056 -8.15371266 -8.10860472 -8.02510704
 -7.97809035 -8.09059131 -8.05515408 -8.20030173 -8.12401297 -8.05963228
 -8.01264455 -8.12069447 -8.11758963 -8.13418165 -8.04539281 -8.21416012
 -8.17394375 -8.10028316 -8.00211363 -8.15818604 -8.13467589 -8.09064327
 -7.98493566 -8.047418   -8.01273259 -8.07898104 -8.05497135 -8.30364587
 -8.07294737 -8.08668756 -8.12012096 -8.11216112 -8.31275377 -8.25224265
 -8.0732472  -8.09114203 -8.07066949 -8.15748652 -8.195331   -8.08214677
 -8.10252103 -8.03764345 -8.09106915 -8.16481946 -8.02870457 -8.07890262
 -8.08452801 -8.23379465 -7.99451458 -8.09244196 -8.15364178 -8.17176908
 -8.04726394 -8.10203305 -8.27258963 -8.11812281 -8.12044633 -8.00532117
 -8.04835877 -8.12841646 -8.06389208 -8.14530955 -8.06487069 -7.93973768
 -8.03506496 -8.09373506 -8.1817564  -8.04326213 -8.04853751 -8.15628306
 -8.19985762 -7.99641298 -8.08578412 -7.96189956 -8.16998698 -8.09307701
 -8.12718062 -8.34868484 -8.11418447 -8.20276046 -8.26339356 -7.98922471
 -8.11527651 -8.07107934 -8.05467824 -7.96357193 -8.22892494 -8.09209712
 -8.16617383 -8.07884639 -8.21952799 -8.16211535 -8.15130274 -7.94908364
 -8.09973759 -8.16119106 -8.20234558 -7.98107147 -8.07108105 -8.17746755
 -8.0027482  -8.16567006 -8.06892908 -7.98107147 -8.16495414 -8.03121653
 -8.15410479 -8.04659149 -8.14325974 -8.02848045 -8.08386132 -8.04734621
 -8.15232587 -7.96630504 -8.14960933 -8.13113951 -8.08997771 -8.10959711
 -8.23366058 -8.00331447 -8.31190259 -8.20896315 -8.02927325 -8.00372357
 -8.09870468 -8.12287344 -8.1523372  -7.96892755 -8.17872551 -8.06209365
 -8.03194427 -8.12031513 -7.99968169 -8.18081069 -8.0336255  -7.98819247
 -8.03626858 -7.91608529 -7.96892755 -8.09917077 -7.93760485 -7.99616026
 -8.1121265  -8.15545777 -8.27162557 -8.12228348 -8.23578472 -8.2741033
 -8.0416347  -7.98365392 -8.09464266 -8.18747763 -7.95771903 -8.13893069
 -8.21624665 -8.08874309 -8.0948269  -8.13735187 -8.21850124 -8.20427122
 -8.04552503 -7.9787772  -8.08374092 -8.13160066 -7.9671916  -8.19556745
 -8.10914796 -8.07564119 -7.96231144 -8.11274057 -8.22622292 -8.17387835
 -8.06564697 -8.12127583 -8.06232974 -8.04313936 -8.17971591 -8.19629923
 -8.15527521 -8.0057768  -8.19191527 -8.0828822  -8.07215056 -8.15514578
 -8.16349367 -8.0969814  -8.20022795 -8.1478033  -8.09691361 -8.08340586
 -8.01123606 -8.11511538 -8.0469261  -8.09020152 -8.08947677 -8.16030793
 -8.09474045 -7.99875492 -8.15175943 -8.19505744 -8.10934708 -8.05248983
 -8.18065698 -8.06711128 -8.20687011 -8.09512943 -8.24708277 -8.03282011
 -8.17094284 -8.03711944 -7.98188229 -8.02241186 -8.09256438 -8.09603947
 -8.11281613 -8.18814884 -8.19036414 -8.07059987 -8.1894482  -8.20338878
 -8.1125048  -8.06240135 -8.09943207 -7.96291165 -8.1917098  -8.17368008
 -8.21447059 -7.97500015 -8.11593008 -8.20641499 -8.06785952 -8.04074423
 -8.20727974 -8.00763142 -8.11459001 -8.19442335 -8.12172608 -8.11364659
 -8.12000134 -8.11635543 -8.13173096 -8.0987466  -8.18822251 -8.10596364
 -8.04474004 -8.31259368 -8.12121778 -8.17956225 -8.29254568 -8.18434248
 -8.00193465 -8.20486894 -8.13650714 -8.16090062 -7.9567438  -8.10264027
 -8.10153968 -8.10359699 -8.08795074 -8.12307417 -8.0399837  -8.21383303
 -8.02363494 -8.10766917 -8.18542672 -8.0073715  -8.10409396 -8.21060962
 -7.97390117 -8.10404472 -8.1160553  -8.07251127 -8.22383397 -8.00799977
 -8.13893069 -8.0105888  -8.09256979 -8.08297697 -8.07288318 -8.06755264
 -8.15177664 -8.07884639 -8.11824427 -8.04749805 -7.9682364  -8.08781735
 -8.13109912 -8.08318355 -8.03214299 -8.10011971 -8.1003691  -8.20140642
 -8.07345118 -8.16181361 -8.10083939 -8.11061966 -8.0668807  -8.16044936
 -8.13128113 -8.07234722 -8.19935978 -7.9755715  -8.09973759 -8.04966777
 -8.10387182 -8.24144374 -7.99149317 -8.18962579 -8.20402548 -8.20369368
 -8.19875764 -8.14637415 -7.99010276 -8.02222265 -8.089883   -8.13262058
 -7.91315134 -8.1197006  -8.05691478 -8.08424435 -8.09699028 -8.01351608
 -8.17266219 -8.18594559 -8.05880922 -8.13597274 -8.1461671  -8.0435799
 -8.01989456 -8.0707493  -7.97217294 -8.01936552 -8.11511538 -8.11061966
 -8.23239427 -8.17190192 -8.08971596 -8.27433732 -8.03887894 -8.29892648
 -8.21396672 -8.11150492 -8.06596382 -8.06313388 -8.10960185 -8.30140042
 -8.23864675 -8.16048383 -7.94294184 -8.1708513  -8.3101627  -8.154873
 -8.12801829 -8.14727545 -8.05555178 -8.07330476 -7.95463534 -8.18063946
 -8.15853175 -8.10518523 -8.1285148  -7.97394193 -8.19716813 -8.01885622
 -7.95943755 -8.15590879 -8.05638789 -8.07831951 -8.2177278  -8.2504633
 -8.2176936  -8.04474004 -8.2996548  -8.22472437 -8.07401958 -8.06925422
 -8.06116185 -8.12255188 -8.13448332 -8.18678572 -8.09910366 -8.21994575
 -8.1428009  -8.06351377 -7.99737849 -8.29698222 -8.08029068 -8.05218652
 -8.05323353 -8.18872007 -8.1063611  -8.27622997 -8.05520337 -8.10756427
 -7.97073098 -8.19607022 -8.18062769 -8.15036136 -8.02314739 -8.03032747
 -8.07710135 -8.04316308 -8.06796852 -8.09971169 -8.0515203  -7.99518169
 -8.23221324 -8.28113868 -8.21066998 -8.0558923  -8.16568125 -8.131388
 -8.04134544 -8.12121778 -8.0659382  -8.32260321 -8.135946   -8.18154391
 -8.13735187 -8.09121369 -8.14006876 -7.93973768 -8.16439136 -8.00328486
 -8.12280636 -8.24581527 -8.07690052 -8.03025418 -8.0868171  -8.12841646
 -7.97287428 -8.15057821 -8.12492497 -7.99591582 -8.02686139 -8.19791977
 -8.1698007  -8.13600184 -8.00658034 -8.11597199 -8.13010534 -8.12476683
 -8.07043739 -8.20668723 -8.09813522 -8.15208171 -8.22019494 -8.16683529
 -8.05892283 -8.05397078]","[1.60921255 1.80227844 1.66526929 1.54035125 1.60528704 1.56389828
 1.52382106 1.59825538 1.62049812 1.51893811 1.43060952 1.65197016
 1.6272027  1.48606795 1.63968752 1.61662059 1.65556089 1.60398376
 1.71260315 1.62263196 1.59051841 1.70064958 1.52597773 1.53667196
 1.45335304 1.59539023 1.43417906 1.57954743 1.49707797 1.76736256
 1.60815826 1.61862025 1.55471727 1.66143495 1.58991578 1.65874387
 1.81581269 1.47382918 1.73212896 1.7919444  1.62691914 1.75300015
 1.75774578 1.64923789 1.77323179 1.48802475 1.63355737 1.56517333
 1.64198385 1.62081289 1.74323347 1.56612194 1.61627589 1.70989827
 1.7633608  1.63615083 1.67600787 1.51463568 1.5991461  1.6710266
 1.72454468 1.6028082  1.60626426 1.58783698 1.68717798 1.49932322
 1.54374558 1.62555527 1.7356052  1.56118202 1.58729271 1.63629822
 1.75557244 1.68476154 1.72391276 1.64936213 1.67630473 1.40096664
 1.65614334 1.64076144 1.60345311 1.61225748 1.39124262 1.4573896
 1.65574019 1.63577097 1.65870482 1.56197469 1.52011124 1.64579422
 1.62302913 1.69569295 1.63584939 1.55384701 1.70588485 1.64950364
 1.64312647 1.47757929 1.74459668 1.63430234 1.56622929 1.5461703
 1.6849211  1.62357492 1.43512132 1.60568759 1.60310735 1.73198033
 1.68362723 1.59425294 1.6662738  1.57548187 1.66512499 1.80861941
 1.69822789 1.63285766 1.53509217 1.68936369 1.68345934 1.56333086
 1.51512402 1.74231613 1.64170892 1.78209969 1.54813745 1.63355737
 1.5956298  1.35154238 1.61016238 1.51188686 1.44522013 1.75090116
 1.60890466 1.65821717 1.67675697 1.78061938 1.48304704 1.63468924
 1.55236873 1.64945925 1.49342379 1.55679527 1.56886868 1.79747463
 1.62615711 1.55783889 1.51241027 1.76003458 1.65833726 1.53985475
 1.7343377  1.55292157 1.66077332 1.76003458 1.55370144 1.70316912
 1.56573318 1.68559712 1.57775748 1.70615935 1.64405726 1.6846598
 1.56766975 1.77696491 1.57069814 1.591243   1.63706696 1.61518526
 1.47783819 1.73529757 1.39192335 1.50512024 1.70513692 1.73443114
 1.62729839 1.6003717  1.56765849 1.77386804 1.53848417 1.66820535
 1.70213139 1.6032489  1.73905769 1.53614412 1.70031263 1.75202985
 1.69726922 1.83928938 1.77386804 1.6268207  1.80810864 1.74274503
 1.61235462 1.56424136 1.43601943 1.60105551 1.47554978 1.43354657
 1.6913114  1.75699283 1.63178449 1.52878782 1.78698835 1.58256351
 1.49702097 1.63825484 1.6316263  1.58431462 1.49447334 1.51018481
 1.68677851 1.76268291 1.64407187 1.59070213 1.77611415 1.51988814
 1.61563985 1.65304995 1.78186081 1.61168602 1.48606795 1.54378566
 1.66449368 1.60215565 1.66794361 1.68962343 1.53740055 1.5189776
 1.56443291 1.73203768 1.52397207 1.64493999 1.65717462 1.56455763
 1.55530842 1.62921622 1.514762   1.57270198 1.62929473 1.64439848
 1.72550742 1.6090129  1.68557399 1.63676579 1.63742286 1.55889938
 1.63169246 1.74019846 1.56832259 1.52043972 1.61544335 1.67898421
 1.53635263 1.6628428  1.50740798 1.63129068 1.46308054 1.70139265
 1.54704569 1.69626581 1.75907273 1.71288134 1.63416926 1.63024228
 1.6115899  1.5280843  1.52559663 1.65865207 1.52659271 1.5112522
 1.61197145 1.66782656 1.6265026  1.78101432 1.52419616 1.54413097
 1.49912427 1.76708152 1.60814144 1.50789127 1.66192494 1.69203696
 1.50669812 1.72936002 1.60968624 1.52119272 1.60166572 1.61067521
 1.60358249 1.60765657 1.59056518 1.62728544 1.52791629 1.61925151
 1.68772769 1.39119119 1.60226407 1.53759383 1.41292343 1.53240647
 1.73627285 1.50968961 1.58525277 1.55819308 1.78829307 1.62292777
 1.62414804 1.6218335  1.63926224 1.60018132 1.69316606 1.499738
 1.71148097 1.61733899 1.53103492 1.72956476 1.62132252 1.50336577
 1.76846952 1.62144043 1.6079865  1.65658241 1.48863956 1.72975614
 1.58256351 1.72627089 1.63417689 1.64489334 1.65614431 1.66212342
 1.56830828 1.64945925 1.60557304 1.68471888 1.77472095 1.63967868
 1.59125561 1.64461704 1.70186381 1.62577729 1.62543855 1.51334338
 1.65556985 1.55708724 1.62492517 1.61410457 1.66299287 1.55866142
 1.59105609 1.65690714 1.515706   1.76629622 1.62615711 1.68225901
 1.62153068 1.46929217 1.74776705 1.52644338 1.51056382 1.51096271
 1.51632629 1.57429538 1.74973056 1.71315262 1.63711092 1.58956743
 1.84336307 1.60402828 1.67406853 1.64337444 1.62914465 1.7231053
 1.54517026 1.53032185 1.67214971 1.58585313 1.5745266  1.6893596
 1.71577559 1.65861711 1.77058801 1.71636992 1.6090129  1.61410457
 1.47913036 1.54602812 1.6375393  1.43315441 1.69453585 1.40613665
 1.49946249 1.61298983 1.66398438 1.66723127 1.61492906 1.4033727
 1.47236678 1.55865232 1.80462501 1.5470897  1.39387617 1.56486885
 1.59467751 1.57330273 1.67556601 1.65576198 1.79085321 1.53635322
 1.56082797 1.62013401 1.59412885 1.76828506 1.51806285 1.71691223
 1.78413916 1.56372676 1.6746192  1.65019023 1.49550002 1.45940094
 1.49536871 1.68772769 1.40533781 1.48758549 1.65486832 1.66034414
 1.66941313 1.60079183 1.58750039 1.5295824  1.62685599 1.49291825
 1.57826563 1.66691932 1.7414705  1.40830982 1.64794815 1.67944583
 1.67822886 1.52738863 1.6189018  1.43064789 1.67618634 1.6175182
 1.77189766 1.51928406 1.53634773 1.56987226 1.71208412 1.7041776
 1.65154424 1.6895622  1.66174824 1.62620333 1.68026335 1.74379159
 1.47958928 1.42559889 1.50322241 1.67528294 1.55289706 1.59093726
 1.69151293 1.60226407 1.66404641 1.37984361 1.5858628  1.53538996
 1.58431462 1.63575099 1.58130116 1.80861941 1.55432737 1.73470303
 1.60048725 1.46418219 1.65180551 1.70428818 1.64053543 1.59425294
 1.76944701 1.56963013 1.59815989 1.74297758 1.70783547 1.51732609
 1.54834793 1.58581293 1.73073854 1.60807944 1.59237955 1.59834348
 1.65896594 1.50767608 1.62804541 1.56791894 1.49279973 1.55161855
 1.67176406 1.67738186]","[0.09452132 0.04831444 0.07984037 0.11487984 0.09555728 0.10744435
 0.11946044 0.09714269 0.09146203 0.12175619 0.15402063 0.08322635
 0.08968421 0.13298105 0.08610332 0.09228544 0.0821737  0.09595503
 0.06854841 0.09088858 0.09932749 0.0713431  0.11937947 0.11601198
 0.14493585 0.09614926 0.15244001 0.10295824 0.1287087  0.05623055
 0.09484279 0.0919835  0.10779188 0.0808063  0.09979834 0.08152181
 0.04507109 0.13752971 0.06410362 0.05071229 0.08966697 0.0594045
 0.05854494 0.08340516 0.05494459 0.13215132 0.08796789 0.10643763
 0.0856405  0.09126776 0.06161385 0.10675529 0.09259634 0.06917434
 0.05713438 0.08642948 0.07724716 0.12318328 0.09686887 0.07846627
 0.06581155 0.09613514 0.0950635  0.10045248 0.07450794 0.12827663
 0.11358968 0.09006245 0.06340477 0.10766043 0.10066724 0.08723148
 0.05884401 0.07511643 0.06595555 0.08390058 0.07714875 0.16618214
 0.08208855 0.08611456 0.09611512 0.09244766 0.16614612 0.14339201
 0.08209771 0.08740862 0.08152424 0.10812661 0.12116933 0.08471595
 0.09075452 0.07251245 0.08695996 0.11066432 0.07009473 0.08386706
 0.08538912 0.13577755 0.061287   0.08765063 0.10691166 0.1130497
 0.07502856 0.09059603 0.15176232 0.09546398 0.09594432 0.06419055
 0.07539249 0.0986538  0.07963411 0.10408858 0.079854   0.04681331
 0.0717353  0.08808648 0.11608601 0.07401922 0.07540296 0.10726299
 0.12290325 0.06183405 0.08585468 0.05296016 0.11235374 0.08796789
 0.09806571 0.18806662 0.09424784 0.123916   0.14778299 0.05991693
 0.09443783 0.08163011 0.07706246 0.05325764 0.13420298 0.08769052
 0.11104594 0.08380283 0.13050214 0.10960222 0.10390818 0.04941938
 0.08994368 0.10945381 0.12389336 0.05784001 0.08156373 0.11485668
 0.06386963 0.11077621 0.08101069 0.05784001 0.11007442 0.07073845
 0.10699163 0.07489178 0.10338734 0.07005017 0.08523639 0.07498562
 0.10622127 0.0541164  0.10531323 0.09935476 0.08695914 0.09281902
 0.13579078 0.06337334 0.16993144 0.12637028 0.07027472 0.06357717
 0.08935225 0.09651155 0.10648169 0.05488011 0.11548631 0.07908766
 0.07098812 0.09615141 0.06252781 0.11621012 0.07141923 0.05961552
 0.07212838 0.03822967 0.05488011 0.08973929 0.0490587  0.06169556
 0.09366846 0.10690874 0.15133458 0.09672766 0.13686726 0.15005603
 0.07355338 0.05857298 0.08805122 0.11859141 0.05197118 0.10198785
 0.12920467 0.08581689 0.08828517 0.10152659 0.12948793 0.12467341
 0.07457645 0.05725028 0.08524886 0.09964505 0.05427266 0.12135517
 0.09224788 0.08289292 0.05297893 0.09386846 0.13298105 0.11350439
 0.08007931 0.0962024  0.07904995 0.07395692 0.11555168 0.12148522
 0.1073737  0.06411399 0.11923208 0.08475526 0.08188481 0.10709903
 0.11023037 0.08905756 0.12282421 0.10486652 0.08909681 0.08517291
 0.06560792 0.09443817 0.07491453 0.08699841 0.0862133  0.10764885
 0.08834972 0.06228473 0.10627286 0.11908533 0.09283987 0.07648878
 0.11558099 0.08049    0.12501901 0.08854831 0.13970656 0.07116156
 0.1127616  0.07237351 0.0580776  0.0684821  0.08782136 0.08865252
 0.09382984 0.11867801 0.11945672 0.08144922 0.11917709 0.12370728
 0.09379196 0.0791653  0.08984346 0.05317478 0.11912827 0.11110421
 0.12723517 0.05627713 0.09480518 0.12546331 0.08072041 0.07326354
 0.1258419  0.06477158 0.09437961 0.12038971 0.09655699 0.09403571
 0.09601548 0.09498127 0.09978241 0.08965211 0.11874595 0.09175765
 0.074411   0.17024213 0.09648538 0.11484798 0.16122355 0.11479805
 0.06314941 0.12343433 0.10124255 0.10930575 0.05151394 0.0906421
 0.09038048 0.09110263 0.086324   0.09704659 0.07310588 0.12824417
 0.06881062 0.09222991 0.11786131 0.06472728 0.09118997 0.12524501
 0.05597275 0.09122598 0.09476993 0.08203038 0.13217321 0.0646247
 0.10198785 0.06541708 0.08748979 0.08501475 0.08216682 0.08062004
 0.10626643 0.08380283 0.0951493  0.07508882 0.05458907 0.08637968
 0.0995337  0.08499107 0.07103677 0.0899786  0.09004042 0.12349675
 0.08229614 0.10955823 0.09026336 0.09303819 0.08041164 0.1089877
 0.09964015 0.08196674 0.12268751 0.05665112 0.08994368 0.07570656
 0.09064023 0.13914071 0.06068159 0.11928405 0.12403272 0.122896
 0.12262864 0.10430923 0.06013611 0.06842632 0.08695422 0.10005127
 0.03642782 0.09596427 0.07765885 0.08515935 0.08856249 0.06614318
 0.1133072  0.11800376 0.07795978 0.10114395 0.10404535 0.07401655
 0.06781255 0.08149459 0.05548254 0.06768428 0.09443817 0.09303819
 0.13555648 0.11278201 0.08694992 0.15266245 0.07277474 0.16411587
 0.12818806 0.09274145 0.08019014 0.07935788 0.09045909 0.16510832
 0.134921   0.1086087  0.04778274 0.11272609 0.16906673 0.10700743
 0.09856234 0.10475384 0.07730795 0.0822     0.05093793 0.11581753
 0.10839048 0.09156303 0.09840933 0.0560025  0.12202073 0.06755917
 0.05308561 0.10755633 0.07753495 0.08368678 0.12779452 0.14226989
 0.12965129 0.074411   0.16344764 0.13258135 0.08244632 0.08112188
 0.07871549 0.09689213 0.10065443 0.11823636 0.08960583 0.13061101
 0.10330331 0.07947194 0.06197948 0.16206233 0.08423412 0.07640903
 0.07662061 0.11870516 0.09189434 0.15374606 0.07719834 0.09225365
 0.05524846 0.12172078 0.11608358 0.10583182 0.06867355 0.07051013
 0.08332433 0.07396705 0.08076746 0.08979283 0.07618874 0.06150326
 0.1340155  0.15531701 0.12691433 0.07739921 0.11048127 0.09967241
 0.0734931  0.09648538 0.0801741  0.17481103 0.09978482 0.11516801
 0.10152659 0.08719155 0.10231824 0.04681331 0.11053893 0.06351614
 0.09695589 0.14058894 0.08322065 0.07046028 0.08608349 0.0986538
 0.05575363 0.1058207  0.09760858 0.06168018 0.06965869 0.12176212
 0.11213168 0.10098879 0.06441524 0.0947916  0.0992299  0.09726223
 0.08139866 0.12482864 0.08945643 0.10611243 0.12820983 0.11133965
 0.07822039 0.07686687]","[6.90872652 6.9549334  6.92340747 6.888368   6.90769056 6.89580349
 6.8837874  6.90610515 6.91178581 6.88149165 6.84922721 6.92002149
 6.91356363 6.87026679 6.91714452 6.91096239 6.92107414 6.90729281
 6.93469943 6.91235926 6.90392035 6.93190474 6.88386837 6.88723586
 6.85831198 6.90709858 6.85080783 6.9002896  6.87453914 6.94701729
 6.90840504 6.91126434 6.89545596 6.92244154 6.9034495  6.92172602
 6.95817675 6.86571813 6.93914422 6.95253555 6.91358087 6.94384334
 6.9447029  6.91984268 6.94830325 6.87109652 6.91527994 6.89681021
 6.91760734 6.91198008 6.94163399 6.89649255 6.9106515  6.9340735
 6.94611346 6.91681836 6.92600068 6.88006456 6.90637897 6.92478157
 6.93743629 6.9071127  6.90818434 6.90279536 6.9287399  6.87497121
 6.88965816 6.91318539 6.93984307 6.89558741 6.9025806  6.91601636
 6.94440383 6.92813141 6.93729228 6.91934725 6.92609909 6.8370657
 6.92115929 6.91713328 6.90713271 6.91080018 6.83710172 6.85985583
 6.92115013 6.91583922 6.9217236  6.89512123 6.88207851 6.91853189
 6.91249332 6.93073539 6.91628788 6.89258352 6.93315311 6.91938078
 6.91785872 6.86747029 6.94196084 6.91559721 6.89633618 6.89019814
 6.92821928 6.91265181 6.85148552 6.90778385 6.90730352 6.93905729
 6.92785535 6.90459404 6.92361373 6.89915926 6.92339384 6.95643453
 6.93151254 6.91516136 6.88716183 6.92922862 6.92784488 6.89598485
 6.88034459 6.94141379 6.91739316 6.95028768 6.8908941  6.91527994
 6.90518213 6.81518122 6.909      6.87933184 6.85546485 6.94333091
 6.90881001 6.92161773 6.92618538 6.9499902  6.86904486 6.91555732
 6.8922019  6.91944501 6.8727457  6.89364561 6.89933966 6.95382846
 6.91330416 6.89379403 6.87935448 6.94540783 6.92168411 6.88839116
 6.93937821 6.89247163 6.92223715 6.94540783 6.89317342 6.93250939
 6.89625621 6.92835606 6.8998605  6.93319767 6.91801145 6.92826222
 6.89702657 6.94913144 6.89793461 6.90389308 6.9162887  6.91042882
 6.86745705 6.9398745  6.8333164  6.87687756 6.93297312 6.93967067
 6.91389558 6.90673629 6.89676614 6.94836773 6.88776153 6.92416018
 6.93225972 6.90709643 6.94072002 6.88703772 6.93182861 6.94363232
 6.93111946 6.96501817 6.94836773 6.91350855 6.95418914 6.94155228
 6.90957938 6.8963391  6.85191326 6.90652018 6.86638058 6.85319181
 6.92969446 6.94467486 6.91519662 6.88465643 6.95127666 6.90125999
 6.87404316 6.91743094 6.91496266 6.90172125 6.87375991 6.87857443
 6.92867139 6.94599756 6.91799898 6.90360279 6.94897518 6.88189267
 6.91099996 6.92035492 6.95026891 6.90937937 6.87026679 6.88974345
 6.92316852 6.90704544 6.92419789 6.92929092 6.88769616 6.88176262
 6.89587414 6.93913385 6.88401576 6.91849257 6.92136303 6.89614881
 6.89301747 6.91419028 6.88042363 6.89838132 6.91415103 6.91807493
 6.93763992 6.90880967 6.9283333  6.91624942 6.91703454 6.89559898
 6.91489811 6.94096311 6.89697498 6.88416251 6.91040797 6.92675906
 6.88766684 6.92275784 6.87822883 6.91469952 6.86354128 6.93208628
 6.89048624 6.93087433 6.94517024 6.93476574 6.91542647 6.91459532
 6.90941799 6.88456983 6.88379112 6.92179862 6.88407075 6.87954056
 6.90945588 6.92408253 6.91340438 6.95007306 6.88411957 6.89214363
 6.87601266 6.94697071 6.90844266 6.87778453 6.92252743 6.92998429
 6.87740594 6.93847626 6.90886823 6.88285813 6.90669085 6.90921213
 6.90723236 6.90826657 6.90346543 6.91359573 6.88450189 6.91149019
 6.92883683 6.83300571 6.90676246 6.88839986 6.84202429 6.88844979
 6.94009843 6.87981351 6.90200529 6.89394209 6.9517339  6.91260574
 6.91286736 6.9121452  6.91692384 6.90620125 6.93014195 6.87500367
 6.93443722 6.91101793 6.88538652 6.93852056 6.91205787 6.87800283
 6.94727509 6.91202185 6.90847791 6.92121746 6.87107463 6.93862313
 6.90125999 6.93783076 6.91575805 6.91823309 6.92108102 6.9226278
 6.89698141 6.91944501 6.90809854 6.92815902 6.94865877 6.91686816
 6.90371414 6.91825677 6.93221107 6.91326923 6.91320742 6.87975109
 6.9209517  6.89368961 6.91298448 6.91020965 6.9228362  6.89426014
 6.90360769 6.9212811  6.88056033 6.94659671 6.91330416 6.92754128
 6.9126076  6.86410713 6.94256624 6.88396379 6.87921512 6.88035184
 6.8806192  6.89893861 6.94311173 6.93482152 6.91629362 6.90319657
 6.96682002 6.90728357 6.92558899 6.91808849 6.91468535 6.93710466
 6.88994064 6.88524408 6.92528806 6.90210389 6.89920249 6.92923129
 6.93543529 6.92175325 6.9477653  6.93556356 6.90880967 6.91020965
 6.86769136 6.89046583 6.91629792 6.85058539 6.9304731  6.83913197
 6.87505978 6.91050639 6.9230577  6.92388995 6.91278875 6.83813952
 6.86832683 6.89463914 6.9554651  6.89052174 6.83418111 6.89624041
 6.9046855  6.89849399 6.92593989 6.92104784 6.95230991 6.8874303
 6.89485735 6.91168481 6.90483851 6.94724534 6.88122711 6.93568867
 6.95016223 6.89569151 6.92571289 6.91956106 6.87545332 6.86097794
 6.87359655 6.92883683 6.8398002  6.87066649 6.92080152 6.92212596
 6.92453235 6.9063557  6.90259341 6.88501148 6.913642   6.87263683
 6.89994453 6.9237759  6.94126836 6.84118551 6.91901372 6.92683881
 6.92662723 6.88454268 6.9113535  6.84950178 6.92604949 6.91099419
 6.94799938 6.88152705 6.88716426 6.89741602 6.93457429 6.93273771
 6.91992351 6.92928079 6.92248038 6.91345501 6.92705909 6.94174458
 6.86923234 6.84793083 6.87633351 6.92584863 6.89276657 6.90357543
 6.92975473 6.90676246 6.92307374 6.82843681 6.90346302 6.88807983
 6.90172125 6.91605629 6.90092959 6.95643453 6.89270891 6.9397317
 6.90629195 6.8626589  6.92002719 6.93278755 6.91716435 6.90459404
 6.94749421 6.89742714 6.90563926 6.94156766 6.93358915 6.88148572
 6.89111616 6.90225905 6.9388326  6.90845624 6.90401794 6.9059856
 6.92184918 6.8784192  6.91379141 6.89713541 6.87503801 6.89190819
 6.92502745 6.92638097]","[99. 99. 99. 99. 99. 99. 99. 99. 99. 99. 99. 99. 99. 99. 99. 99. 99. 99.
 99. 99. 99. 99. 99. 99. 99. 99. 99. 99. 99. 99. 99. 99. 99. 99. 99. 99.
 99. 99. 99. 99. 99. 99. 99. 99. 99. 99. 99. 99. 99. 99. 99. 99. 99. 99.
 99. 99. 99. 99. 99. 99. 99. 99. 99. 99. 99. 99. 99. 99. 99. 99. 99. 99.
 99. 99. 99. 99. 99. 99. 99. 99. 99. 99. 99. 99. 99. 99. 99. 99. 99. 99.
 99. 99. 99. 99. 99. 99. 99. 99. 99. 99. 99. 99. 99. 99. 99. 99. 99. 99.
 99. 99. 99. 99. 99. 99. 99. 99. 99. 99. 99. 99. 99. 99. 99. 99. 99. 99.
 99. 99. 99. 99. 99. 99. 99. 99. 99. 99. 99. 99. 99. 99. 99. 99. 99. 99.
 99. 99. 99. 99. 99. 99. 99. 99. 99. 99. 99. 99. 99. 99. 99. 99. 99. 99.
 99. 99. 99. 99. 99. 99. 99. 99. 99. 99. 99. 99. 99. 99. 99. 99. 99. 99.
 99. 99. 99. 99. 99. 99. 99. 99. 99. 99. 99. 99. 99. 99. 99. 99. 99. 99.
 99. 99. 99. 99. 99. 99. 99. 99. 99. 99. 99. 99. 99. 99. 99. 99. 99. 99.
 99. 99. 99. 99. 99. 99. 99. 99. 99. 99. 99. 99. 99. 99. 99. 99. 99. 99.
 99. 99. 99. 99. 99. 99. 99. 99. 99. 99. 99. 99. 99. 99. 99. 99. 99. 99.
 99. 99. 99. 99. 99. 99. 99. 99. 99. 99. 99. 99. 99. 99. 99. 99. 99. 99.
 99. 99. 99. 99. 99. 99. 99. 99. 99. 99. 99. 99. 99. 99. 99. 99. 99. 99.
 99. 99. 99. 99. 99. 99. 99. 99. 99. 99. 99. 99. 99. 99. 99. 99. 99. 99.
 99. 99. 99. 99. 99. 99. 99. 99. 99. 99. 99. 99. 99. 99. 99. 99. 99. 99.
 99. 99. 99. 99. 99. 99. 99. 99. 99. 99. 99. 99. 99. 99. 99. 99. 99. 99.
 99. 99. 99. 99. 99. 99. 99. 99. 99. 99. 99. 99. 99. 99. 99. 99. 99. 99.
 99. 99. 99. 99. 99. 99. 99. 99. 99. 99. 99. 99. 99. 99. 99. 99. 99. 99.
 99. 99. 99. 99. 99. 99. 99. 99. 99. 99. 99. 99. 99. 99. 99. 99. 99. 99.
 99. 99. 99. 99. 99. 99. 99. 99. 99. 99. 99. 99. 99. 99. 99. 99. 99. 99.
 99. 99. 99. 99. 99. 99. 99. 99. 99. 99. 99. 99. 99. 99. 99. 99. 99. 99.
 99. 99. 99. 99. 99. 99. 99. 99. 99. 99. 99. 99. 99. 99. 99. 99. 99. 99.
 99. 99. 99. 99. 99. 99. 99. 99. 99. 99. 99. 99. 99. 99. 99. 99. 99. 99.
 99. 99. 99. 99. 99. 99. 99. 99. 99. 99. 99. 99. 99. 99. 99. 99. 99. 99.
 99. 99. 99. 99. 99. 99. 99. 99. 99. 99. 99. 99. 99. 99.]","[[0.77632206 0.77630659 0.77629103 ... 0.         0.         0.        ]
 [1.00250696 1.00246722 1.00242726 ... 0.         0.         0.        ]
 [0.86524903 0.86522883 0.86520851 ... 0.         0.         0.        ]
 ...
 [0.83817006 0.8381559  0.83814167 ... 0.         0.         0.        ]
 [0.8361368  0.83611704 0.83609718 ... 0.         0.         0.        ]
 [0.8938116  0.89378995 0.89376817 ... 0.         0.         0.        ]]","[[2.92186527e-21 4.91864183e-21 4.88631199e-21 ... 1.12060061e-18
  1.95966028e-19 0.00000000e+00]
 [3.10317279e-21 5.75545899e-21 4.68868534e-21 ... 9.36535357e-19
  1.69244347e-19 0.00000000e+00]
 [3.07375125e-21 5.57694053e-21 4.89319154e-21 ... 9.19476959e-19
  1.55291038e-19 0.00000000e+00]
 ...
 [3.49944777e-21 6.07331226e-21 5.58949758e-21 ... 8.24827276e-19
  1.22249761e-19 0.00000000e+00]
 [2.87031521e-21 5.24511484e-21 4.77164907e-21 ... 8.44781565e-19
  1.40226179e-19 0.00000000e+00]
 [2.91203354e-21 5.37326421e-21 4.95469008e-21 ... 1.00107473e-18
  1.76920431e-19 0.00000000e+00]]","[[0. 0. 0. ... 0. 0. 0.]
 [0. 0. 0. ... 0. 0. 0.]
 [0. 0. 0. ... 0. 0. 0.]
 ...
 [0. 0. 0. ... 0. 0. 0.]
 [0. 0. 0. ... 0. 0. 0.]
 [0. 0. 0. ... 0. 0. 0.]]","[[2.34951337 2.2185364  1.87333789]
 [2.65355644 2.31729673 1.97432954]
 [2.54861935 2.2241063  1.90127755]
 ...
 [2.497293   2.19897109 1.77176923]
 [2.65491369 2.29748723 1.93635111]
 [2.53918198 2.18450901 1.87764055]]","[237.05059097 221.04123542 218.95388667 221.26940682 218.62072037
 218.62085561 222.04506797 219.73452895 219.36104896 224.89992292
 227.45034985 217.27276619 221.67169272 220.60983246 221.73658579
 218.01196388 216.76182087 216.73737564 221.12983225 226.5657209
 233.78888047 217.15334441 219.78355396 225.41331822 225.02469149
 226.28703689 224.97692463 220.08624821 231.24293118 225.36122708
 224.33597131 221.27625432 223.43815497 217.90546951 218.68139137
 219.92932351 224.81948786 223.25924624 226.52677028 220.13539969
 221.56078216 220.63666332 221.32980849 222.66841216 219.50833371
 220.90341658 217.39496575 225.17610246 229.0934713  218.25405311
 218.00361383 227.36899028 219.59869052 219.32858928 218.26328457
 217.67206384 217.89893992 221.0624413  221.44641604 218.77130406
 226.85326099 220.74907008 219.51238781 218.96152915 219.69253066
 222.58656399 221.52142041 219.50783187 219.18537223 223.89441658
 219.99022388 217.56946993 220.75620655 218.3453425  218.30782099
 220.0976766  217.93981138 224.25326683 219.75174994 220.42323711
 217.28862104 220.93985515 227.16485891 222.29290921 218.24342828
 219.21988216 218.61288217 226.02716356 220.95009967 222.29407772
 221.17254836 218.27657966 222.71323742 221.44136082 222.39620421
 219.44941627 217.68798331 225.23580246 219.5974485  220.71586366
 221.43121129 219.6910182  223.46348774 217.46224297 224.3158093
 217.7198789  219.63133193 219.46444332 219.66675382 220.45631514
 222.59543141 217.84090757 219.56538315 221.70793903 216.99547796
 218.0009312  220.67958967 217.05130575 222.29681961 222.62256138
 220.78341015 219.78606966 220.41209802 224.62413514 220.87896788
 217.39496575 219.56730263 229.06026087 223.41269459 221.46533925
 223.85337986 226.08681078 224.84269179 226.13227242 220.88753796
 224.16999444 221.30881318 218.41028515 220.82702874 220.23881041
 224.22730947 226.64714789 222.83727094 222.04324934 217.58086322
 222.01099431 219.92078805 222.1643362  222.97288677 223.8791936
 220.68504351 218.93078638 220.89702373 222.1643362  223.45036742
 220.2474593  219.03242778 224.43022101 220.46038736 223.35683833
 223.74899387 219.58317822 222.51836127 221.11230981 227.39549742
 224.25130823 219.79204408 219.54923184 221.68804372 229.13216264
 227.58066871 221.69786894 221.77507143 221.17763596 221.62732071
 218.51757566 229.80050881 220.99633004 220.39125653 217.25843384
 217.58006237 219.02496297 221.34413685 223.55827831 218.08507396
 220.25076837 218.92000921 226.11623315 220.99633004 219.05967956
 220.28058109 225.30360068 218.97295636 220.09242251 224.63675223
 218.61844604 221.3489728  227.85984469 219.09801567 218.65852441
 218.36168557 219.56193408 224.09308679 221.92788244 226.52008454
 227.02719071 218.33819616 221.12473921 225.03668764 221.2606655
 222.14945893 218.96410455 219.66513406 219.98846556 221.49769692
 219.5339216  220.16565059 218.80539519 220.6878534  221.13745096
 220.60983246 222.33120925 220.89358354 219.54456244 222.57505498
 221.71701391 218.57134423 223.0471763  224.02131811 222.4034761
 221.37686045 218.15546432 228.26904829 220.5842521  219.22871295
 219.96183671 219.6605044  224.0880797  218.82715918 219.5846935
 220.81572764 221.01937539 225.0535035  218.30565877 217.64405187
 219.30768932 217.81539861 222.62904417 224.23888045 225.45127807
 218.71594862 219.6712673  218.6926306  221.4855632  220.9804066
 220.11472682 229.40530128 220.46811592 224.3044784  217.11350895
 223.4447578  217.14345055 218.75800034 217.84192891 218.31611181
 220.1736229  219.89951481 217.95425021 223.79761715 224.26293907
 219.72954731 220.19608104 217.51953066 223.47105326 219.04731557
 220.41773821 228.83586133 219.28037657 220.67865379 223.78140912
 221.74865045 223.92515559 225.83838094 221.90271787 223.19397467
 219.04179422 217.25933257 223.09242015 218.93435963 224.46005314
 217.91468784 218.66147651 222.1380977  222.414447   219.84732191
 226.32333655 222.75628113 218.43870868 225.132977   222.69488297
 218.52095249 219.93599826 221.7954467  220.21505617 222.64480416
 220.89740728 222.30148996 218.46515523 217.90303967 220.65455542
 219.31110506 221.00645403 216.94631072 220.35510354 220.74497042
 217.66497929 217.87794347 223.55773128 226.19176713 223.19824853
 219.85187738 219.12299945 222.54585607 225.25762196 221.92788244
 218.58168147 224.13687475 218.70488048 217.81133291 221.28879352
 219.78690693 220.23881041 222.55268045 218.98398706 218.1295611
 225.12894353 218.66948552 218.71900226 227.82294479 219.16818051
 218.64044431 224.67267181 218.35055931 228.17426366 225.09535856
 221.80508814 221.05049848 222.02621189 216.92859065 220.2385055
 221.30246054 222.14422712 217.58086322 222.15905592 220.41871129
 223.39180596 220.97742733 225.13478672 220.46840561 220.03893352
 222.65533227 221.07329816 222.54995146 225.00556164 220.38555272
 220.12567468 226.29729546 227.70278103 220.30635226 217.63704517
 218.82444548 220.2963069  226.17865328 225.03180174 224.16652564
 219.46303696 230.58308112 221.50602947 218.31868921 220.07974519
 223.26111112 219.93563385 221.01937539 221.80508814 223.2523144
 218.80470461 225.92761339 222.37860194 220.75725951 227.01073427
 222.42512085 220.48150088 220.82839734 220.49870107 223.7301675
 230.95512921 226.29689789 222.66319348 224.40763675 226.49538156
 225.84310357 219.40669427 217.90011579 217.96836059 218.35475701
 219.8592829  223.97082333 221.22254602 218.07091127 221.61104355
 218.77001285 219.23218809 221.74550001 218.28521756 222.21616935
 218.56335301 218.20439111 220.87698677 227.24214569 222.01641589
 223.73678058 219.84732191 225.26653428 221.8786115  218.90661784
 222.5994389  220.45113838 220.39616326 218.82931839 224.02286485
 220.85387973 226.25636647 220.73102495 222.27305    225.63835844
 225.56304356 222.30586559 220.95797982 219.92731194 223.0783105
 223.73706514 228.75628054 220.73026812 221.02621946 219.74662923
 222.07463094 219.48261657 219.27015105 218.04064476 231.79927248
 219.62309747 217.99189954 223.42859841 219.77136753 221.21316832
 218.77982742 221.30250291 225.92628971 219.00363796 218.43688843
 223.72985077 217.89320185 218.63701429 222.75628113 221.82421664
 233.3735334  221.65273925 221.4572954  221.12473921 226.13514983
 219.70140756 221.70793903 218.89975034 226.56142137 219.63381805
 226.32592649 221.24568403 225.23746176 221.57605456 220.45631514
 220.89894144 220.25794587 222.36558596 219.59559462 217.16780735
 224.1297654  221.72977034 217.90895052 218.78557855 219.16913535
 227.1172566  227.509328   220.49315477 222.04874467 221.18208969
 225.99110411 221.88603553 227.70504952 218.54985108 222.30149512]","[[709.40167491 696.04101741 682.93199052 ...   0.           0.
    0.        ]
 [709.40167491 696.04101741 682.93199052 ...   0.           0.
    0.        ]
 [709.40167491 696.04101741 682.93199052 ...   0.           0.
    0.        ]
 ...
 [709.40167491 696.04101741 682.93199052 ...   0.           0.
    0.        ]
 [709.40167491 696.04101741 682.93199052 ...   0.           0.
    0.        ]
 [709.40167491 696.04101741 682.93199052 ...   0.           0.
    0.        ]]"
