dblplaw:alpha,dblplaw:beta,dblplaw:massformed,dblplaw:metallicity,dblplaw:tau,dust:Av,nebular:logU,stellar_mass,formed_mass,sfr,ssfr,nsfr,mass_weighted_age,tform,tquench,sfh,photometry,spectrum_full,uvj,chisq_phot,dust_curve
"[2.98635280e-02 6.99694134e-01 1.66885060e-01 1.18157567e+00
 3.75509585e+00 4.04737901e-02 8.92171165e+00 2.34237229e-02
 4.88336919e-01 7.48392147e-01 7.52965792e-01 6.23450331e+01
 2.26468833e-02 8.08197592e-01 2.46048328e-01 2.09479944e-01
 3.06966407e-02 1.39906662e-01 1.94314372e-01 1.76647794e-02
 3.84208883e-01 1.13413964e+01 6.12856774e-01 1.10194628e-02
 5.30321684e+00 3.66125067e-02 1.21358562e-01 2.17950994e+00
 1.20394302e-02 1.64678995e-01 4.23926946e-01 7.57686010e-02
 1.87757379e-02 7.49239329e-02 1.29050959e+00 3.22771711e+01
 1.98156812e-02 1.04857290e+00 2.27184473e-01 2.18379459e-01
 1.60226750e+00 1.17849702e-02 1.41872203e-01 1.47086030e-02
 6.74845068e+00 1.19008835e-01 2.02184640e+01 1.15924850e+00
 1.26980454e-02 1.43727763e-01 5.19041103e-02 1.80416290e-01
 1.46187348e-02 5.23750425e-01 1.24328707e-01 6.76465714e-02
 1.54614089e+01 1.45454442e-01 1.86663958e-01 1.03871924e-01
 2.28248875e-01 1.20559598e-01 7.11099341e-02 4.35997889e-02
 1.55219758e-01 5.81562290e-01 1.30716878e+01 3.17095060e+00
 1.64568160e+00 1.51436445e+01 2.82293814e-01 4.32390785e-01
 1.72207288e-02 1.44033740e-02 1.74036654e-01 9.46678021e-01
 2.01382276e+00 1.77520574e-01 1.48216060e-02 5.55074492e-02
 8.24778256e-02 1.86100446e+00 2.38209744e-01 5.45619363e-01
 8.56905857e+00 1.08468132e-01 6.40130677e-02 2.33816395e+00
 1.04885036e-01 6.74815870e-01 1.03823753e-01 1.64460135e-02
 4.71720113e-01 2.11652195e+00 1.89937843e-01 4.90745916e-02
 3.04472538e-02 4.03211528e+01 1.23176358e-01 1.00068842e+00
 1.63957734e+00 2.63811198e+00 4.67424278e-02 1.12910931e-01
 3.55442287e-01 2.89824997e-02 5.78095041e-02 1.99217355e-02
 1.46192783e+00 6.42011045e-01 1.16915715e+00 1.95023664e-01
 7.61529861e+00 6.03105885e-01 2.73559382e+01 1.78907516e-01
 9.32715722e+00 1.60649337e+00 1.38677217e-01 7.81855353e-01
 1.13459422e-01 1.12738530e+00 2.30495792e-01 1.24874801e-02
 1.16482134e-02 3.59384690e+00 1.63083144e-01 1.19602186e-01
 1.30665449e+01 1.46190911e-02 1.87405784e+01 1.47846549e-02
 1.33603212e-02 2.38263053e-01 6.85742803e-02 7.52659943e-01
 2.68676429e+00 1.63079899e+00 1.83063108e-02 1.76522292e-01
 2.30877412e+00 2.24187216e-01 7.18144153e+00 1.97078592e-02
 3.04871256e-01 4.81803943e-01 6.56698447e-02 1.10792233e+01
 1.49192173e+00 5.27162103e-02 6.48647478e+00 1.23898880e+00
 4.98644463e-01 5.33919895e+00 2.83823552e-01 9.32355319e+00
 2.19925229e+00 4.64196709e-02 2.28369355e+00 6.83154035e+00
 1.40202248e+00 7.22972687e-02 4.97969627e+00 1.59670337e-02
 2.59911023e+00 1.67312179e-02 1.31598106e-02 8.80440153e-01
 1.36199043e-02 2.55168445e-01 5.31371205e-02 2.10399894e-01
 1.84270914e-01 9.96619294e+00 2.45859235e-01 1.00660382e+00
 5.48280825e-01 5.28172176e-01 6.36081888e-01 2.46701399e-01
 1.21271882e-01 2.07900255e+00 5.15616532e-01 2.13251566e-02
 7.65144694e-01 5.07476419e-01 6.90307139e-01 4.89664162e-01
 4.87458530e-02 3.15969478e-02 9.58054773e+01 6.79650800e-02
 2.50757763e+00 5.04971892e-02 1.95536548e+01 1.40579036e+00
 1.87067394e-02 3.49773062e-02 5.62500102e-01 7.90689613e-02
 1.39250980e-02 3.11033615e+00 5.52472266e-02 1.59115677e+01
 4.88389902e-02 1.06521434e-01 1.44275699e-02 7.80193605e-01
 1.00533229e-02 1.05302972e-01 1.17294570e-01 9.63841902e-02
 1.30760810e+00 3.34637968e-01 4.04216015e-01 3.70630398e-02
 3.44556727e+00 2.88143618e-01 1.18463681e-02 2.93729513e-02
 8.61068924e-01 1.38260603e-01 6.89984860e+00 1.27393163e-01
 2.09420925e-02 1.41086489e-01 3.07821820e-01 3.62736232e+00
 2.82532938e+00 1.14360972e+01 1.41062101e-01 1.55906026e-01
 2.11081362e-02 1.19029915e+00 3.54610148e-02 5.00701055e+01
 2.06174417e-02 9.19886286e-02 1.31739591e-02 1.47299559e-02
 6.77848928e-01 1.10181602e-01 2.30577611e-02 3.44654166e+01
 1.34966196e-02 1.23483542e-02 4.56538833e+00 4.76089652e+00
 4.52946225e-01 2.84101592e+00 7.09292587e-01 2.85385858e-01
 7.91951029e-02 8.33655791e-01 3.68225376e+00 8.34567676e+01
 5.47183445e-02 1.62867042e-02 1.91730848e-02 2.73476130e-01
 1.66768606e-02 1.82921465e-01 7.59270201e+01 1.07035704e+00
 4.21367000e-01 3.29269133e-01 6.93242462e-02 1.57399757e+00
 7.74520387e-02 2.45746339e+00 1.04974667e-01 1.04979059e-01
 3.05925077e-01 9.30655113e+01 1.73131166e-02 3.66125067e-02
 3.10497457e-01 1.74756834e-01 7.05580026e-01 1.87757379e-02
 2.13859074e-02 2.49591512e-02 6.34553028e-02 3.45104871e-02
 9.27419014e-01 1.31000682e+01 2.28154012e-02 2.79409712e-01
 5.31975733e-01 6.97346678e+00 7.05628872e-01 5.56743726e-02
 3.82263088e-02 1.41086489e-01 4.68675000e-02 4.95133843e-01
 1.37008837e+00 1.30712563e-02 1.10893859e-02 1.43183080e-02
 8.63372395e-02 1.39774835e+01 1.35991357e+00 7.37273240e-02
 9.55934338e-01 7.48783400e-01 7.37152146e-02 2.25760007e-02
 9.80676993e-01 3.10989951e-01 4.61215107e+01 1.22581653e+00
 9.59967509e-02 1.39774835e+01 3.46957007e-02 1.34973699e-01
 1.19143346e+00 1.07577916e-01 2.62423442e+00 2.22725331e-01
 1.67419172e-01 6.08503830e-01 1.66974446e+00 5.15700157e-01
 3.08203165e+00 2.38989599e-01 3.71866495e-01 3.88353311e+00
 1.02531327e+01 2.64854382e+00 2.30769298e-02 1.24872113e-01
 6.45083378e-02 2.98523233e-02 2.30649701e+01 6.50993524e+00
 2.31809605e+01 1.01920869e-02 3.26582362e-01 4.75197489e-02
 1.04495705e-01 9.02233896e-02 2.42574586e+00 1.10091161e+01
 7.85740592e+00 6.67024838e+00 5.22419752e-01 6.04573154e+00
 3.12984891e+00 7.39248152e+00 4.18383765e-02 4.52166426e+01
 2.39075853e-02 1.37008837e+00 2.00410719e-01 2.92595267e+01
 6.82743894e-01 2.49313772e-01 7.40337630e-01 1.94879287e-02
 4.54602789e+00 2.19763200e+00 1.34973699e-01 1.20768700e-02
 5.08275899e-01 3.19850203e+00 2.61631151e-02 6.87770063e+01
 1.12516512e+02 2.22120914e-02 4.04149222e+00 6.79867377e-02
 1.44051864e-01 2.20269377e-02 2.37297841e+00 2.86660841e+00
 8.92171165e+00 6.41578839e-01 1.55038340e+00 2.48631425e-02
 3.97715649e+00 5.71501512e+00 5.77569337e-01 2.20546854e+01
 5.07476419e-01 8.02377323e+00 3.24733386e-01 2.02122730e-01
 3.48740696e-01 1.10172034e-02 1.39551107e-01 1.27849481e-02
 9.36775139e+00 3.35299125e+00 8.70527489e-01 1.13135136e-01
 4.78141108e-02 1.56256915e+01 3.70630398e-02 6.39766859e-02
 1.94528140e+00 1.59711088e+01 3.24172488e-02 2.87184657e+01
 4.81803943e-01 1.09598788e-02 2.50315618e-02 2.90677624e-02
 8.42584221e-02 5.65000572e-02 4.40359310e-01 2.68123489e-02
 1.93187080e+00 2.12608024e-02 1.21630497e+01 3.20213449e-02
 3.93435846e-02 1.39551107e-01 1.65794200e+01 1.47620004e-02
 1.60164185e-02 2.55168445e-01 1.11455456e-02 5.22108852e+00
 3.04564801e-01 9.53742301e+00 7.43899523e+00 5.64301696e-01
 1.33041061e-01 1.85407350e-02 3.05820073e+00 5.87675110e-02
 3.10595867e-02 2.17878979e-02 1.07974035e+00 3.26609788e+00
 1.48031748e-01 4.15473972e-01 5.46484861e-01 3.14217907e-01
 1.14479679e+00 4.67966315e+01 1.55633039e+01 2.68642887e-01
 3.25837439e-02 1.23052526e-02 7.52965792e-01 2.99021277e-01
 1.12894879e-01 5.21720307e-02 5.28491282e-02 1.09127875e-01
 3.47729496e-01 1.27634462e+00 9.65013314e+01 8.16147121e-02
 4.51100366e-01 2.48681380e+01 7.47103844e-01 1.78131987e-02
 1.14319483e+00 1.70889845e-02 5.86321676e-02 3.02551249e+00
 6.65938009e-01 1.75444642e-02 9.37842783e-02 5.63462925e+00
 1.75090242e-02 7.10924306e+00 5.20154519e-02 1.21351590e+00
 5.03637210e-02 4.19002186e+00 7.54793045e-02 1.23497910e+00
 1.26741790e+00 6.39770615e-01 4.94774017e-02 4.73786774e+01
 2.09748316e+01 1.65900430e-01 3.56517049e+01 2.33153178e-01
 1.06662936e+00 1.29260461e+00 1.00949755e-01 1.01061781e-01
 6.40571917e-02 2.57516308e-02 3.45687653e-02 1.30038437e+01
 1.39970903e-02 2.97829417e-02 3.05772532e-02 3.17096641e-02
 6.09188545e-01 6.74271327e-01 1.44105405e-02 5.43063990e-01]","[424.65183057 268.04641293 673.23284051  57.75448372 308.44466452
 655.39632746  56.19053818 695.57686024 243.75082128 168.80527526
 129.54170454  63.94042882  84.95968164  51.6897627  136.74968435
 244.443669    33.84746617  82.12989972  56.62306611 817.06480869
 102.02875939  91.99669108 172.67199421 443.7769551   46.01688009
 888.80563054  51.62061804 251.20540534 988.79339459 111.23330093
  78.43239358 746.75494886 218.69323088 317.3602704   55.53667974
 123.087303   235.63438009  49.65083357 152.50069068 205.63965141
 537.69574116  87.15605224  55.58772843 263.60853582 613.48034032
  35.21776569 146.69298156 572.34039622 144.80073885 309.71603292
  67.88676145  54.82449335 476.48972342 204.40445838 149.23041334
  48.99952669 395.7898405  384.28082904 389.26582092 152.11554661
  50.23057622  66.6701323  655.92262599 126.46441395 125.30592358
 584.81624331 196.36458067 446.74899195 445.34624993  88.99382631
  97.01622459  79.57303603 435.12779288 162.19196747  40.41183599
  76.5930341   49.18413481  66.54628241 455.25229339  65.98362693
 626.05098405 785.94370991 232.80174555  72.39146802  80.07615786
  55.60486195 286.82828869  77.70595948 133.34900381  79.18709153
 640.98668561 333.62242456  51.8427754  753.38120501  60.80509403
  77.83370643 756.14375524 129.47865987  61.73701262  73.17849701
 107.19336379  78.15404649 127.47628261  56.1995899  967.23319348
  48.94868982 344.00841493  55.00543516  82.05808201 184.98858777
 292.80103163 155.17995527 507.97539419 245.7468535  293.59465592
  67.96641674  56.9835559  108.08228132 146.83277849 790.50137426
 110.16724761  75.8038263   56.42626646  90.43855862  69.08009576
  71.9112559   63.80186308 100.8265024  608.59729741 458.16540794
 194.18836331  73.34662528 342.03254854  89.74437367  69.11065639
 147.87449194 895.41731177  87.31094925 137.94311571 256.95322083
 144.68384096  87.19861009  71.12140148 509.05707765 161.24311489
  57.66554045  38.4165277  241.31615657 134.95642302 269.74811855
  74.10502728 451.94136449  70.86872522 281.24228712 194.94036131
 280.00208558 105.91478109  85.41898299 254.59415987 252.04458481
 605.90878328 231.86764822 298.84027127  51.04524157 221.77298793
  53.68475729 105.2570743  401.50259287 133.93420403 189.89766608
  83.28645169 338.20075986  75.11648513 389.0013012   79.90015202
 503.29094496  77.64345502 113.63448445 149.02656543 340.11578383
  73.97694136 820.22940899 887.67881087  46.28818449  48.16639859
  73.61448458 175.93476207 406.43427062 277.65849976 390.43310598
  73.74937546 953.28814792 199.42042296 208.76143977 468.89330494
 255.92895272 498.12267608  52.00959827 273.18588593  79.39526999
 220.61818165 459.800943    59.03958952  61.6061809  553.18726813
 651.73165502 227.38207341 527.89751745  52.51282871  48.81940278
  93.10054973  64.33630745 180.21873559 506.109839   116.970404
  39.63885081  42.31960199  94.17355235  56.40140015 279.77545908
  59.99394992  44.76506908  61.87017393  55.11635699  67.13534388
  39.19170436 659.64502236 150.42306029 427.5198089   77.3175653
 506.29757629 211.81589203 580.71212261 784.20277929  77.11106167
  74.44973141 117.54585302 160.04078692 196.01884374  61.95821587
  83.28640034  66.88770415 107.89685853  92.12231157  87.33229011
  52.08898725 125.07943638 299.33849792  44.16874881  74.99329134
  91.27218413  52.27933134  53.21631054 875.17658186  63.38213162
  78.99985742  71.75388408 781.69897394  51.98230462 529.09454587
 735.70268016  72.02790865  56.05171515 190.54144406 127.61220435
 143.84001692 134.44832678 176.86437925 163.95090919 180.90059604
 275.87362563 303.65589704 925.00332238 117.76184915 549.51224539
 888.80563054 449.01280107 129.92668427 807.31759471 218.69323088
  49.72461921  53.03763872 202.15740582  52.22048183 732.13760677
 324.88227674 543.635328    79.78597091  48.05486979 673.62456892
  82.94674319  56.97765922 374.33644106  39.19170436 308.11895034
  81.57922789  43.27241278 489.20385296 132.75767705 522.73818791
 752.44366234 433.4393028  217.81397657 519.24731362 106.70553321
 281.51088481 859.59768752 918.45136286 276.0059899  112.59940713
 112.71660912 109.58166348  55.41153016 433.4393028  185.23351105
 349.59664296  73.90077126  50.35927049 734.68981295 314.73783437
 200.39692481  70.89829684  49.29406643  65.20058123 831.13296904
 189.30540422 139.43844647  59.79894244 132.91344526 508.5014228
 170.7997466   71.57262069 183.39608113  44.39309947  87.31681327
  81.07925523  60.72092651 400.91409925  51.07324418 837.10903491
  86.89277978 142.65310778 102.52876649 104.75592642  84.91184623
  72.43839117  73.25376204 493.08891947 421.7989122  492.27754401
  45.12977479  78.17943202  61.26006787  43.27241278 247.55700131
  82.35298306  54.0136788  243.32018134 554.99578682  75.71570051
  78.18425186 757.2229642  349.59664296 173.37107629 227.1502436
 763.89256663 188.96852684 270.93554275  91.95415745 123.63630005
  82.02385062  51.53392013  62.34892531 113.51969264 463.0590378
 254.10935332  56.19053818 178.62722552  80.36060408 612.92985078
 136.293762    54.46524507  72.55930676 295.17030822  73.61448458
 178.44137877 204.52274095 302.67472856 899.12589774 252.46560901
  76.40701422 195.74156575 114.95201214 255.64550731 139.18349434
  70.66610325  55.88051825  85.72092274  39.63885081 911.87303472
  75.07365636 573.00221143  47.7220339  106.97320755  57.66554045
 184.50321471 739.9458326   65.77446577 482.12012663  60.28241887
  66.00571019  79.85816972 197.56987407  58.24993335 172.31223356
  74.23491285 154.02002032  76.40701422 229.36280647 344.43900384
  50.58439178 189.89766608  88.57253328 125.73719049  76.06054845
 370.73115709 194.52448973  78.27933735 250.27226128  54.17342462
  54.56025512 108.49413779 175.44054459 678.63893291 300.00373597
  80.63422124  66.91893021  84.2778335  354.9386154  134.63553437
  93.12895886  98.12948024 103.51807854 177.90238777 816.5652696
 396.12980835 129.54170454 555.36418931 425.19944647  70.53250172
 164.46139967 450.14378075 531.14630202  52.63779796  70.10908567
 255.18833678 115.48677006 690.50960894 136.78162379 472.05072088
  87.74990072 128.34022962 640.19389379 995.03657967 882.62452286
  88.12720216 591.56664924 154.25146905  82.08490138 242.8986044
  54.07305263 779.98199641 386.7560838   64.81142836 107.67160002
 102.23712111  66.93627969 475.416317    67.51447915  85.76005155
  76.94061552 273.34843443  62.51930245 420.56679826 303.91750581
 678.01930217 635.25451778 787.19756277  84.11895476 256.11528533
  77.49676387 520.94660207  88.00111305 537.37538835 453.56843564
  72.87041173  56.07016307 382.55432193  96.32984063 209.70628303]","[8.16643883 8.05962548 8.11824827 8.28530261 8.14479504 8.13464465
 8.19094101 8.20064876 7.97255446 8.04974351 8.20684766 8.25645979
 8.16366213 8.18566419 8.13853613 8.05260029 8.33462811 8.092067
 8.20878951 8.11156653 8.1326647  8.12122728 8.10462771 8.11895573
 8.26262705 8.18747625 8.22503999 8.13706596 8.20373048 8.1469665
 8.13403395 8.13926351 8.08232469 8.09738803 8.16682966 8.06304851
 7.96795938 8.23998475 8.20085713 8.05706225 8.07460974 8.11443348
 8.18311978 8.02500506 8.16644158 8.33997398 8.05386253 8.09754017
 8.0789507  8.08745442 8.15712318 8.18933642 7.98491521 8.01066594
 8.08689694 8.23605579 8.12553878 8.20905544 8.25331791 8.17198187
 8.19527615 8.1517007  7.97744492 8.20265061 7.97401096 8.08312021
 7.964447   8.05123888 8.04572182 8.17595113 8.08838079 8.11216923
 8.22166978 8.1071896  8.28501135 8.14939629 8.23402911 8.21139004
 8.04872708 8.20232283 8.08848153 8.21563494 8.01425037 8.15738311
 8.1770679  8.20655494 8.09752489 8.09512122 8.01047465 8.07650441
 8.17373506 8.14228036 8.16612355 8.03221146 8.20247352 8.18174183
 8.13513404 8.1510766  8.20167184 8.16051193 8.06808203 8.193833
 8.04766559 8.19675654 8.06166939 8.21161514 8.10254139 8.16365215
 8.0851378  8.09413417 8.14933264 8.10216887 8.21069402 8.2489814
 7.92317312 8.19653983 8.19091359 8.02689461 8.1158278  8.13385401
 8.12338021 8.26073699 8.17027952 8.08603655 8.18502642 8.20786649
 8.17910961 8.08994788 8.19569988 8.24631457 8.06553085 8.10333162
 8.06354927 8.06810552 8.0861183  8.06920083 8.09399248 8.17024749
 8.0357215  8.05145225 8.12812471 8.12247827 8.2049668  8.07873807
 8.14693675 8.1849593  8.27389203 8.07405161 8.15909042 8.16460178
 8.23112819 8.18774668 8.12503698 8.06120974 8.13922119 8.15312379
 8.17362709 8.08052638 8.09855515 8.04388368 8.11673987 8.13192611
 8.11242105 8.21568315 8.1411523  8.19719178 8.09314058 8.0858724
 8.15900343 8.05695582 8.0499861  7.9939529  8.16722104 8.0854725
 8.14234818 8.05771011 8.18800532 8.18109439 8.11142234 8.16244567
 8.11019574 8.07012349 8.14596725 8.2690974  8.22096034 8.17506387
 8.12066937 8.14739054 8.24029403 8.13641043 8.19986217 8.11293964
 8.20817536 8.11823609 8.05952119 8.062439   8.09264317 8.23525615
 8.10806147 8.14879346 8.07907172 8.04711189 8.14516426 8.19335037
 8.12742104 8.06950407 8.14323796 8.11448133 8.22094302 8.2267858
 8.18071088 8.20318956 8.14208495 8.05534696 8.10087237 8.26914138
 8.3011458  8.13763443 8.20178519 8.14649297 8.21727772 8.22372001
 8.21763122 8.21268032 8.23369067 8.27565117 8.08940357 8.11417627
 8.0351163  8.1167208  7.94899247 8.10132234 8.11804649 8.04115629
 8.13243718 8.19596714 8.19869093 8.17788644 8.08305353 8.21032903
 8.16873752 8.29217611 8.09254276 8.13080867 8.08822999 8.28549321
 8.18065987 8.03508158 8.22321294 8.14957728 8.11893556 8.17430764
 8.23326736 8.11711782 8.15284008 8.1622213  8.28334871 8.26044956
 8.25068034 8.02024018 8.01173671 8.07630479 8.24510845 8.07312993
 8.10147336 8.09584347 8.21802194 8.06081685 8.12165358 8.11331391
 8.17458924 8.150176   8.06247744 8.08758327 8.05835145 8.18747625
 7.9997399  8.14552395 8.09597078 8.08232469 8.16933766 8.25660915
 8.08383674 8.18134124 8.26518418 7.99999078 8.16281535 8.09510384
 8.21263046 8.07903508 8.18713308 8.21567505 8.06038932 8.27565117
 8.1553647  8.0971925  8.20472759 8.09130532 8.12610916 8.22105635
 8.17698925 8.12877857 8.00733336 8.09509803 8.06016589 8.16193521
 8.07439519 8.13603745 8.11411564 8.09487235 8.11800357 8.15039054
 8.22067933 8.12877857 8.11247282 8.11541271 8.07065841 8.24594615
 8.06675802 8.0932835  8.0625471  8.1064654  8.25053631 8.25262271
 8.13815656 8.21931679 8.17926965 8.21603346 8.07919885 8.13666191
 8.04756121 8.13168305 8.16807808 8.28466034 8.13001311 8.09815043
 8.17048966 7.9512886  8.21604048 8.14921676 8.07616379 8.09832794
 8.15795102 8.09043007 8.21018405 8.25028998 8.19911049 8.1636645
 8.00314644 8.04457719 8.25158431 8.22901382 8.17244659 8.20472759
 8.03147982 8.12272475 8.16360322 8.10163779 8.0895413  8.18192242
 8.12060936 8.02078672 8.11541271 8.06818831 8.10664062 8.17004095
 8.082729   8.0822536  8.15546231 8.13199918 8.20910042 8.26024757
 8.14573077 8.20318819 8.12544707 8.13162125 8.19094101 8.19390136
 8.10546978 8.10313137 8.15055643 8.22349143 8.09886564 8.0953525
 8.17506387 8.12656892 8.04960545 8.09790259 8.06820333 8.09645561
 8.19541491 8.22117074 8.13566656 8.10634581 8.12763039 8.15239055
 8.18574326 8.18657367 8.26914138 8.02277896 8.11654804 7.92115062
 8.21454813 8.14852484 8.1849593  8.03801204 8.20742317 8.14715558
 8.14773751 8.23037105 8.20973579 8.123638   8.04894568 8.24577896
 8.18107834 8.15118721 8.18724495 8.19541491 8.06686465 8.01444392
 8.24473379 8.05695582 8.12686152 8.10707408 8.16764266 8.05733658
 8.11576864 8.102417   8.10586256 8.1104923  8.22624223 8.1623348
 8.14407627 8.08284738 8.20411561 8.12533658 8.15464985 8.167963
 8.12267588 8.1329615  8.04831024 8.13175313 8.06335135 8.00775425
 8.19790056 8.06559519 8.20684766 8.05612389 8.12248039 8.16338884
 8.01027406 8.07287787 8.08753383 8.2189721  8.21619305 8.2282915
 8.18869504 8.08314438 8.17129408 7.98491481 8.03953732 8.07102386
 8.04939663 8.0703917  8.08268063 8.206389   8.02819498 8.03971794
 8.14701765 8.06904972 8.2006953  8.14255104 8.25207227 8.27530284
 8.07908534 8.09129377 8.1620808  8.04822313 8.1452631  8.16784278
 8.1287463  8.0907071  8.18113407 8.16908758 8.13326919 8.17105286
 7.96931785 8.19216549 8.08486124 8.15225695 8.10698587 8.0014494
 8.06532713 7.94929528 8.05052796 8.24456476 8.21430571 8.21070155
 8.11826678 8.0185545 ]","[2.43609229 2.13709055 2.40714897 2.40130584 2.47652953 2.44824309
 2.30601839 2.4171766  2.0725537  2.461241   2.19867952 2.15082633
 2.43875304 2.37777145 2.36172184 2.26048591 2.40959506 1.869224
 2.45867681 2.28530291 2.3089031  2.1804392  2.12552735 2.34845661
 2.14410051 2.47607156 2.37867583 2.33074502 2.21136903 2.22725423
 2.46609942 2.49342349 2.13233011 2.40987897 2.48423502 1.99200737
 2.22489903 2.22231566 2.23539638 1.96363945 2.49725358 2.43614959
 2.31295854 2.09083624 2.48059543 2.47148345 2.27087887 2.20534516
 2.29241741 2.32961159 1.8936041  2.2717365  2.49197488 1.9578295
 2.13469391 2.3623137  2.30250273 2.40123353 2.16866006 2.40948337
 2.40714877 2.30079537 2.22594277 2.33450606 2.41672514 2.00413924
 2.1622398  2.47407065 2.30942273 2.4047823  2.41583335 2.270841
 2.35512889 1.93067077 2.10712875 2.09109944 2.25037303 2.0880246
 2.38120988 2.30656151 2.47368714 2.00989339 1.79664241 2.4595162
 2.24038581 2.47824732 2.41515154 2.48723549 1.73264291 2.32866197
 2.46126186 2.4610436  2.32523642 2.33554298 2.37450376 2.43116428
 2.04696807 2.08729277 2.27407409 1.39922424 2.25871037 2.36518765
 2.35799547 2.18166387 2.28047793 2.46367676 2.36960594 2.46334214
 2.17194295 1.97786182 2.4892677  2.29160696 2.4158471  2.20832468
 1.8834285  2.41376432 1.86419955 1.88794506 2.04674002 2.26331017
 2.37201934 2.43747662 1.88891837 2.3982502  2.38394265 2.41324201
 1.89633815 2.46218708 1.96944004 2.39359531 2.40354182 1.98314848
 2.46033664 2.46965842 2.41932219 2.37902384 2.44398586 2.47823298
 1.77504445 2.29719828 2.32027794 2.20623067 2.31212366 2.41766737
 2.26220213 2.26807391 2.42375022 2.49910644 2.31161725 2.49568931
 2.47556756 2.34737551 2.38908403 2.15766174 2.22521077 2.48819641
 2.23973019 2.28755586 2.44011528 2.42513913 1.97033321 2.35061133
 2.46699848 2.41631335 2.47367877 2.26619525 1.60405267 2.48329332
 2.4998758  1.89935483 2.13908738 1.90290549 2.48278564 2.32203717
 2.4982921  1.62342747 2.3809374  1.92308146 2.42237732 2.17550899
 2.3916357  2.36216306 2.19293864 2.27167037 2.35752465 2.47947627
 2.33780351 2.02364614 2.0914806  2.03427253 2.27984547 2.21691959
 2.48776333 2.24747413 2.31865843 1.98929775 2.25501843 2.16593683
 2.12764432 2.43693407 2.30552623 2.054824   2.47844094 2.12142961
 2.31181594 2.34666262 2.29294487 1.98732396 2.35894184 2.38592487
 2.23120811 2.29168637 2.39177252 2.0297017  2.44016886 2.36011034
 2.33530183 1.89795159 2.48951128 1.85818069 2.36790671 2.40745299
 1.94868655 2.37594311 2.16436089 2.48539995 1.78344357 2.12709065
 2.48668262 2.15840524 2.34313211 2.3004043  1.82831464 1.76812453
 2.32572825 1.93176757 2.32841094 2.43754716 2.26180298 2.46150929
 2.2615117  2.33394929 2.215604   2.40397172 2.46054181 2.42058125
 2.43932085 2.40070486 1.89975173 2.16649584 2.33856519 1.89253497
 2.25961784 2.32487335 2.16313425 2.31599047 2.04227542 2.03373306
 2.42866769 2.2044355  2.26754614 2.46007511 2.44128277 2.33975336
 2.29057993 2.27175831 2.45821205 2.18427207 2.29567798 1.81024722
 2.17093381 2.47621371 2.37594859 2.13804856 2.32296258 2.47607156
 2.31405211 2.41654882 2.25693641 2.13233011 2.4069814  2.29753393
 2.32370312 2.32230026 2.4836457  1.78205983 1.99531019 2.44110227
 2.44095543 1.10619007 2.31122993 2.335687   2.21727317 2.48539995
 2.3875377  2.37100409 2.24310742 2.31682385 2.34902086 2.0552166
 2.22039287 2.19992662 2.12858041 2.36938727 2.31021704 2.49794628
 2.42842141 2.31555947 2.27292732 2.1671323  1.92194379 2.29665671
 2.20566588 2.19992662 2.11325035 2.05184321 2.13094344 2.42876189
 2.37193071 2.45398609 2.39222128 2.15219408 2.12284922 2.36047313
 2.1547431  2.04815766 2.18545293 2.17097512 2.42536166 2.09347312
 2.14906024 2.08260283 2.28492105 2.32509437 2.11284107 1.65272723
 2.46365473 2.17541368 2.38045041 2.36413001 2.12026713 2.24679822
 2.41843281 2.24834768 2.4462326  2.36099409 2.38576039 2.27475213
 1.81751731 1.9526337  2.30662257 2.46554828 2.42516355 2.24310742
 2.2697554  2.15314651 1.99406717 2.45397586 2.42815265 1.99765236
 2.45594901 2.11082291 2.05184321 2.42558064 2.38603397 2.25176105
 2.35416881 1.62770169 2.32793783 2.40840952 1.97664168 2.07798962
 2.28987728 2.43574917 2.37066394 2.47514355 2.30601839 2.36986983
 2.46886962 2.10665895 2.46708585 2.31912642 2.12403156 2.10570518
 2.47947627 2.42985248 2.48542911 2.40614183 2.12784196 2.3498591
 2.3862788  2.34928936 2.34529342 1.46979743 2.36824741 2.22607755
 2.42529382 2.05548549 2.36011034 2.39764333 2.37612552 1.8885794
 2.43390503 2.28607963 2.26807391 2.33088219 2.32844328 2.14814224
 2.4944202  2.36163858 2.45820307 2.41970918 1.04785367 2.12075974
 2.22379572 2.48380887 2.16416739 2.3862788  2.37014432 1.89385754
 2.04111328 1.89935483 2.15238633 2.10604712 2.4069329  2.13407998
 2.43363685 2.27178512 2.37527732 1.58078783 2.24317678 2.38189068
 2.30695055 2.34420457 2.36009959 1.89393248 2.37909515 2.14259613
 2.45532672 1.69621873 2.02450828 2.43905679 2.29680859 2.10654115
 2.45595254 2.46924329 2.19867952 2.14796685 2.06232072 2.21065865
 1.33849928 2.42021345 1.67465177 2.29021728 2.07873857 2.38266061
 2.47876962 2.34439072 1.69592348 2.44291975 2.1613824  2.03918209
 2.1534039  2.43889384 2.08323624 2.04715546 2.30098362 1.98466314
 2.45086496 1.98493595 2.30967784 2.48545029 2.3560009  1.78421406
 2.39290761 2.09324207 2.22705042 2.42643827 2.28515144 2.02427564
 2.35141882 1.91555226 2.01126815 2.15912595 2.23206767 2.2592446
 1.69405798 2.40223468 1.77154116 2.47668771 2.38414714 1.91030165
 2.16710335 2.33112618 2.43071164 2.45770394 2.21595905 2.13375072
 2.30290053 1.40729522]","[6.81819667 6.87638685 6.83178974 6.83416599 6.832395   6.82014414
 6.94291036 6.80609205 6.90034825 6.88404556 6.78598382 6.96037094
 6.86740302 6.99640204 6.86122636 6.87969899 6.8947566  6.96192371
 6.89474636 6.8471291  6.88289619 6.93000288 6.8626802  6.83637594
 6.94786182 6.80876741 6.88768494 6.84275745 6.79082914 6.87795606
 6.90144116 6.81182736 6.88118351 6.85884834 6.98877761 6.93563041
 6.90994078 6.99165893 6.82552523 6.87226517 6.87564415 6.90505203
 6.99855135 6.88904359 6.81951665 6.93412541 6.9083485  6.85686836
 6.87616232 6.85860291 6.92628656 6.97293954 6.88187791 6.88346873
 6.90126023 6.93716579 6.87355597 6.7918961  6.74899747 6.83266468
 6.9642116  6.96796233 6.90650211 6.80827268 6.97133879 6.8726279
 6.91136151 6.87631029 6.8618762  6.90085843 6.89945612 6.94901036
 6.78310288 6.86985558 6.92292258 6.95760351 6.96823104 6.85122457
 6.88064679 6.89520139 6.86854836 6.761029   6.89460588 6.90168492
 6.91435183 6.97900141 6.83745754 6.99502692 6.9104838  6.98325824
 6.82329489 6.82625818 6.99456748 6.86094256 6.91111212 6.8790669
 6.82751819 6.90278106 6.93933181 6.88240996 6.92446591 6.87363103
 6.89123985 6.93979639 6.86431994 6.98823539 6.85439926 6.99133113
 6.94275585 6.83568527 6.84553416 6.86423993 6.82217047 6.77770518
 6.9270935  6.85281282 6.96230727 6.94168162 6.84730135 6.84553837
 6.86964852 6.82864155 6.93468451 6.93745168 6.88082366 6.93269624
 6.93616707 6.88509938 6.83362513 6.76778897 6.90238322 6.93372097
 6.87722232 6.91709561 7.00295483 6.88672248 6.85379819 6.86772939
 6.89896922 6.87823843 6.85092679 6.91607102 6.84837141 6.84524809
 6.8505254  6.90270972 6.96806284 6.88571398 6.81453304 6.83672086
 6.84140146 6.8242988  6.99361318 6.86815664 6.83868323 6.8459449
 6.85408005 6.91166664 6.85425088 6.89250383 6.80566017 6.84681315
 6.86313135 6.98314217 6.83263982 6.91442536 6.85922018 6.85839828
 6.85530421 6.87400318 6.96373857 6.89809263 6.95950664 6.88673853
 6.94899226 6.86288545 6.89300213 6.82972403 6.86943238 6.83921743
 6.96615991 6.86676278 6.83729762 6.97480586 6.9934364  6.93632823
 6.86573453 6.8136698  6.79315986 6.81499736 6.9723917  6.85545034
 6.77322705 6.83131712 6.89185128 6.86155249 6.85688519 6.97960932
 6.82158189 6.94908269 6.87063923 6.88584253 6.98488093 6.95873162
 6.84566564 6.87669617 6.84258756 6.84909221 6.92498726 6.96645686
 6.82955259 6.91166028 6.8438018  6.87909381 6.86624862 6.97374264
 6.96344465 6.87004739 6.98630519 6.81640199 6.86528486 6.91328675
 6.89355863 6.98691761 6.831625   6.99229259 6.86946246 6.8720883
 6.89173133 6.97267763 6.90826225 6.87557934 6.82657245 6.87292673
 6.96745495 6.94926897 6.80803274 6.81760719 6.85329179 6.98313162
 6.86865623 6.80227943 6.89167957 6.9445712  6.9416216  6.8322681
 6.83172881 6.88221286 6.94314582 6.89408983 6.90145593 6.96796852
 6.91385897 6.85108435 6.95247782 6.98243695 6.76875002 6.74629643
 6.91233759 6.88499601 6.86259014 7.0027586  6.9973605  6.87726462
 6.87671182 6.88563956 6.76462868 6.90061653 6.85933436 6.87192803
 6.80524426 6.80928485 6.87738063 6.95043125 6.86962416 6.80876741
 6.89605278 6.8354437  6.85244421 6.88118351 6.98838349 6.88025628
 6.88508943 6.99735316 6.76153726 6.89840938 6.80526919 6.97686088
 6.97857195 6.84548758 6.88910559 6.96412221 6.86333836 6.99229259
 6.83069236 6.95439674 6.99072522 6.85961124 6.85265816 6.77457258
 6.82130297 6.85576448 6.89315939 6.83439917 6.88160227 6.84670778
 6.86849583 6.82888191 6.83804372 6.91022638 6.93122986 6.82536884
 6.91302263 6.85576448 6.85992387 6.85828597 6.98769963 6.92925446
 6.87555432 6.85871561 6.88091424 6.97198529 6.92049507 6.77287187
 6.82968498 6.76554481 6.84220578 6.9168956  6.91204188 6.84587295
 6.86835992 6.99773683 6.83457103 6.99773943 6.92443884 6.90888149
 6.95101833 6.9160455  6.93444915 6.80364642 6.9233284  6.85757028
 6.86633274 6.9163142  6.90132109 6.8240595  6.90708016 6.82350818
 6.90729146 6.88562337 6.91565172 6.93302845 6.89850972 6.99072522
 6.88023267 6.95403502 6.99765998 6.86572507 6.86007594 6.88336224
 6.92822107 6.88230953 6.85828597 6.86631118 6.84590974 6.80849553
 6.85837113 6.90059632 6.97142782 6.85561763 6.87970239 6.88311009
 6.93948226 6.82001099 6.8226051  6.829304   6.94291036 6.81492949
 6.94597589 6.8533329  6.84125075 6.92691605 6.97269882 6.87438385
 6.93632823 6.84175891 6.89656928 6.85245488 6.87718544 6.85884207
 6.80791431 6.78021182 6.89187786 6.84506527 6.85224948 6.94471184
 6.97267849 6.87785756 6.97374264 6.88687887 6.96241422 6.91583531
 6.99870373 6.90824857 6.90270972 6.88442431 6.80399639 6.94074492
 6.81121392 6.81825999 6.89544122 6.92696243 6.87828124 6.8561724
 6.85073841 6.88792433 6.81387399 6.80791431 6.89463077 6.88312032
 6.84567937 6.87400318 6.91160228 6.89128761 6.88399915 6.86655522
 6.8436294  6.98729461 6.83555666 6.96091482 6.87678467 6.8476301
 6.82197298 6.86156253 6.80464302 6.9176333  7.00155143 6.86363671
 6.85712833 6.84380572 6.99804008 6.95797889 6.92315352 6.91615428
 6.8156472  6.87491748 6.78598382 6.8639073  6.83070812 6.92080993
 6.89000082 6.86590827 6.83901732 6.98099326 6.97808315 6.81092646
 6.8215075  6.87733887 6.82554783 6.89639045 6.98291074 6.88825214
 6.86443612 6.85672684 6.85676162 6.8292357  6.87815791 6.89274883
 6.9282543  6.88687122 6.94250744 6.84058558 6.77228611 6.83768596
 6.93391189 6.92092203 6.92215546 6.87404293 6.97184082 6.92587455
 6.98342654 6.84454552 6.98618147 6.82037376 6.85060843 6.81163333
 6.9096901  6.7986796  6.96466125 6.8500676  6.92722469 6.89809094
 6.96493016 6.90873703 6.87916445 6.84467377 6.95141514 6.80212226
 6.88584732 6.8845558 ]","[0.27264022 0.27335901 0.24659604 0.28609805 0.2763193  0.27413154
 0.25461555 0.28451013 0.28661664 0.26194873 0.2749884  0.32418072
 0.29445239 0.25199046 0.28044437 0.26291555 0.25485427 0.29244304
 0.24690472 0.28616728 0.28972569 0.28738138 0.286167   0.28415204
 0.29495145 0.29509115 0.22891646 0.29753426 0.28265773 0.2949666
 0.25744934 0.24956421 0.31217309 0.28195423 0.25710626 0.287848
 0.27941822 0.2941571  0.29440049 0.29695347 0.29956274 0.25779235
 0.27583722 0.28406612 0.25360482 0.26349793 0.28004311 0.30196084
 0.27825773 0.2957218  0.29361393 0.26842916 0.24045961 0.28379119
 0.3035664  0.2564123  0.3109184  0.27402824 0.26444265 0.28774087
 0.24430258 0.276874   0.30101645 0.2561945  0.27551273 0.31222211
 0.27395508 0.2797515  0.2783512  0.30267746 0.25569523 0.28123621
 0.27574085 0.29836568 0.29386058 0.30968057 0.27526333 0.2633143
 0.27638218 0.27032658 0.30976692 0.24815346 0.317682   0.27165049
 0.28618364 0.279898   0.26294705 0.27800514 0.28818916 0.27906293
 0.2796482  0.27191408 0.26830575 0.252102   0.27871963 0.26062866
 0.27392469 0.29996108 0.29247118 0.30194612 0.27688581 0.27035146
 0.25570919 0.2617519  0.27648575 0.25414225 0.26006751 0.25771982
 0.25904221 0.27637582 0.30211871 0.26658485 0.31468617 0.30602431
 0.28050425 0.24398011 0.25355541 0.27118623 0.25306285 0.31313084
 0.26127364 0.29478039 0.24958187 0.28845041 0.25702093 0.30985218
 0.28644262 0.2433934  0.31897491 0.28918579 0.29199245 0.24416386
 0.29703359 0.26059739 0.24058992 0.26237947 0.27446219 0.26812581
 0.27853192 0.28016337 0.28868247 0.274204   0.25466565 0.25456591
 0.27702375 0.25426485 0.24365625 0.29649368 0.27384209 0.29256112
 0.26451963 0.33227458 0.27891234 0.27020838 0.27527812 0.28820383
 0.28730165 0.24328683 0.25911214 0.28662745 0.24905813 0.31640026
 0.29571657 0.29189346 0.27893005 0.23592202 0.26533852 0.29167544
 0.28913824 0.28340272 0.2468171  0.2949881  0.30933751 0.31513053
 0.28187317 0.27336531 0.28639366 0.29652276 0.27244863 0.32537331
 0.27411498 0.28395707 0.30083184 0.28169697 0.25702985 0.28517328
 0.29608151 0.25663502 0.31828957 0.24721328 0.30845347 0.29288907
 0.23648696 0.26367904 0.28775755 0.2778553  0.28068066 0.30721749
 0.25238361 0.27527971 0.27378922 0.27951037 0.26692117 0.29769247
 0.28795764 0.30512809 0.28316703 0.30073931 0.27051787 0.26407549
 0.28000761 0.28192405 0.2841428  0.31322006 0.25679996 0.24747091
 0.27716188 0.25284393 0.26970085 0.28869023 0.27127662 0.2151006
 0.29158895 0.27964241 0.26940507 0.26886666 0.29546864 0.30841424
 0.30258137 0.26356248 0.27126247 0.28566095 0.28009429 0.31162441
 0.27614944 0.30476008 0.27924632 0.25195292 0.27121316 0.31069366
 0.27356659 0.2882377  0.29725093 0.28758387 0.26270809 0.23335039
 0.27457729 0.27412439 0.27384423 0.26854845 0.25626755 0.28008035
 0.25420176 0.30623202 0.25020383 0.29292982 0.29778742 0.28582937
 0.25960376 0.2855317  0.23309967 0.26284862 0.30313309 0.28604212
 0.25498323 0.29208315 0.2471217  0.30758263 0.28839656 0.34473336
 0.27268574 0.26356321 0.29029853 0.25464547 0.27513785 0.29509115
 0.2807955  0.274007   0.27352473 0.31217309 0.2471858  0.27179553
 0.29548529 0.25728658 0.26076986 0.30068258 0.28415166 0.26144019
 0.27188733 0.31221192 0.28458944 0.27686532 0.29275499 0.26886666
 0.30229187 0.30335838 0.25606241 0.28291281 0.28514341 0.27254849
 0.29233045 0.28463514 0.28444048 0.27390026 0.23878115 0.30987127
 0.28021972 0.27436007 0.29169042 0.30177187 0.29332807 0.25857252
 0.26113088 0.28463514 0.30960907 0.29631522 0.25552584 0.28754292
 0.27388235 0.3091987  0.28439062 0.27617026 0.28528394 0.24389268
 0.27418618 0.25482215 0.328033   0.29823909 0.28178065 0.26419822
 0.26126392 0.30384764 0.28126789 0.32533133 0.28895014 0.28681687
 0.2560696  0.29898293 0.2375625  0.24294881 0.28580823 0.26714294
 0.28421516 0.2726695  0.30810885 0.27946123 0.28321875 0.28133477
 0.32298495 0.29610592 0.23673814 0.28509447 0.24709407 0.25606241
 0.28159103 0.28527187 0.25597759 0.29275983 0.25350197 0.28977986
 0.26539934 0.26360102 0.29631522 0.26810291 0.25922685 0.25478636
 0.28194799 0.2866216  0.30562087 0.25923167 0.30441571 0.29750345
 0.26678064 0.26583414 0.25296033 0.23803122 0.25461555 0.2821067
 0.25896156 0.30427546 0.27015266 0.25677353 0.28858641 0.25741276
 0.28517328 0.2545692  0.29490725 0.28531714 0.31133797 0.26871815
 0.23679057 0.27412612 0.28251219 0.28209262 0.27664601 0.28079434
 0.24689035 0.25605207 0.24747091 0.27089697 0.26998406 0.2966171
 0.27425728 0.2886648  0.25426485 0.27619162 0.27842978 0.26003572
 0.26776055 0.23636665 0.26921113 0.28587687 0.3523981  0.29907009
 0.31307572 0.23263351 0.27528593 0.23679057 0.28369601 0.27837564
 0.22885239 0.28340272 0.2940897  0.28557226 0.25726647 0.27934368
 0.27986836 0.27316288 0.26799305 0.23963889 0.27721721 0.26285905
 0.26161329 0.2744783  0.28270988 0.26476905 0.30835726 0.27132949
 0.28723349 0.29173009 0.27832621 0.29905902 0.25654714 0.29702889
 0.27054627 0.27756133 0.2749884  0.28674476 0.25667154 0.29120165
 0.31690103 0.27597934 0.29483012 0.27315371 0.31736131 0.30053076
 0.26504529 0.28090834 0.29856283 0.26990286 0.29270042 0.28486154
 0.2762578  0.27319751 0.28469737 0.30230531 0.26871784 0.28374155
 0.27501839 0.31281101 0.27482474 0.26700078 0.30649266 0.33208427
 0.30101133 0.31353073 0.28172684 0.28145362 0.28458904 0.29226176
 0.29630373 0.27028407 0.30255119 0.31092827 0.29417013 0.29309649
 0.31956482 0.29591316 0.28985736 0.2967618  0.26303947 0.30503171
 0.28373415 0.27441702 0.28029408 0.28231441 0.29528099 0.30168015
 0.28138352 0.29842506]","[-2.65189518 -3.02359911 -3.39072246 -2.71375067 -3.95449384 -2.81626963
 -3.29545704 -3.40142636 -3.22447915 -2.70227797 -3.46842718 -2.8037498
 -3.13395075 -3.36416389 -2.53496959 -2.27866385 -3.1374313  -2.52822799
 -2.61015643 -2.84729618 -2.61247278 -2.28694401 -2.88940553 -3.17325263
 -3.11395886 -3.21221987 -2.36761708 -2.86979834 -2.93820063 -2.46095368
 -3.1215421  -3.33600707 -2.21969511 -2.75669627 -3.02952923 -3.15745056
 -2.33034387 -2.05666221 -2.58251366 -2.4694335  -2.75850848 -3.3558344
 -3.16440461 -2.07572134 -3.36641937 -3.31149885 -3.85966976 -3.87502667
 -2.82710838 -3.02508736 -2.72071514 -3.68255846 -3.60027367 -2.9747282
 -2.37019887 -2.42306472 -2.52775361 -2.49455449 -3.07658428 -2.38506382
 -2.62158357 -2.21635207 -2.58658089 -2.47252778 -2.25590065 -2.29725061
 -3.33323228 -2.82876927 -3.22083319 -2.31351738 -3.29034528 -2.6031795
 -3.11785012 -2.7409582  -3.75916562 -2.05397483 -2.46626708 -2.66442519
 -2.14166482 -2.81298673 -2.4543166  -3.02680777 -2.50706606 -3.01103496
 -2.57716997 -2.26717192 -2.95367428 -2.46098589 -3.02113013 -2.35169503
 -2.64457924 -2.97460301 -3.08275066 -3.07668328 -3.19710188 -2.77663344
 -2.89040393 -2.59804958 -2.53651166 -3.98434374 -2.85219757 -2.94443537
 -2.96229816 -3.62774334 -2.68664433 -2.60818943 -2.42842849 -2.66902967
 -2.918652   -3.40757542 -2.29641805 -2.6417154  -3.17709967 -2.72905931
 -2.54643774 -3.06126828 -2.90259706 -2.20628444 -2.90615317 -2.62698906
 -2.59308791 -2.21723731 -3.18786381 -2.50695542 -2.92741167 -3.07051351
 -2.49812684 -3.06743174 -2.17595809 -2.80797999 -2.35535781 -3.10011784
 -2.69081994 -3.29827223 -2.14653187 -2.68914361 -2.83895197 -2.91853425
 -2.57122541 -3.124911   -3.29406134 -2.20030039 -3.13645723 -3.14261026
 -3.07294521 -3.57177975 -3.82312902 -2.89204204 -3.3686817  -2.21736925
 -2.62444481 -2.46575303 -2.49617587 -2.71565128 -2.26510586 -2.76546607
 -2.55711666 -3.4897829  -2.90713744 -2.61369497 -3.14205193 -2.77229769
 -3.6068757  -2.42321875 -3.66686172 -3.26180203 -2.39901799 -3.30662365
 -2.41832828 -2.91952072 -2.25119463 -2.29341407 -2.23324706 -2.44937981
 -2.48046031 -3.4271554  -2.29954067 -2.35306678 -2.2868419  -2.24208837
 -2.27276334 -2.86307097 -2.29938858 -2.37734186 -2.73731652 -2.42617102
 -2.05173322 -2.6799425  -2.02251729 -2.49110422 -2.39129438 -2.58260637
 -3.71375429 -2.6187853  -2.47888082 -2.54526116 -2.33493492 -2.52474464
 -3.8268754  -2.01897061 -2.57423028 -2.42984206 -3.68150954 -2.21588955
 -2.80427878 -2.72814653 -2.69600598 -2.86583587 -3.3584928  -3.5375666
 -3.3063669  -2.40500417 -2.57973869 -3.73663839 -2.89343504 -3.14771841
 -2.48731292 -2.30480191 -2.13108757 -2.4275374  -3.7569297  -3.22573533
 -3.27183655 -2.2358374  -2.08608741 -3.92108918 -2.62078011 -2.54583741
 -2.85296665 -2.14103863 -2.62190344 -2.05249054 -3.28105893 -2.48937431
 -2.00700981 -2.6319553  -3.56975296 -2.36147318 -3.00596596 -2.23591782
 -2.80984578 -2.62285363 -3.19478921 -2.72243894 -3.50023648 -3.26263113
 -2.27859239 -2.45072004 -3.10634798 -3.42108656 -2.38406177 -3.42275043
 -2.51932982 -2.69524414 -2.44701368 -2.27051182 -2.78065222 -2.8927191
 -2.77528582 -2.37987311 -3.50548154 -2.83812276 -2.22136863 -2.70900414
 -2.02764913 -2.40736823 -3.90533204 -2.31326216 -3.00675384 -2.36386648
 -2.79992522 -3.46029993 -2.46709583 -2.63009267 -3.14245421 -3.21221987
 -2.63165283 -2.65575344 -2.3637465  -2.21969511 -3.39112755 -2.70556084
 -2.12068387 -3.08933453 -2.94051884 -2.89916808 -3.14478899 -2.43431307
 -2.9346712  -3.52964569 -2.04240692 -2.20975433 -2.66191903 -3.92108918
 -3.55920569 -2.54745658 -3.37301898 -2.73607657 -2.55766062 -3.18005483
 -2.37324442 -3.45313276 -2.80003868 -3.50998257 -3.67056524 -2.67459397
 -2.31896353 -3.41837087 -3.00304647 -2.34714251 -3.20811056 -3.31233722
 -2.40532318 -3.45313276 -2.79641281 -2.39966907 -3.08590524 -3.05017507
 -2.86324707 -2.49097175 -2.24635701 -3.17038065 -3.01134289 -3.66993187
 -2.87115571 -3.54148182 -2.23584545 -2.56786309 -2.65826859 -2.35978995
 -3.56940803 -2.30579427 -2.15665471 -2.11826169 -3.12441685 -2.96547152
 -2.87019984 -2.66416282 -3.67204719 -3.5179299  -2.69712025 -2.68646538
 -3.17646926 -2.54612701 -2.91483918 -2.82209439 -2.50585329 -2.62507213
 -2.36138587 -2.23719905 -2.55873705 -2.99675611 -3.42300226 -3.37301898
 -2.82590657 -2.34486532 -2.77302823 -2.4403398  -2.90666133 -2.0060369
 -2.5294719  -3.19947871 -2.39966907 -2.785059   -3.81601164 -2.62133554
 -3.01078229 -3.57262952 -2.16167143 -2.91368283 -2.28922219 -2.66670861
 -3.09303926 -2.41900527 -3.93459193 -3.3567273  -3.29545704 -2.6199333
 -2.94616205 -3.88984086 -3.10539435 -3.22620164 -2.8947811  -3.49492055
 -2.42617102 -3.05585082 -3.11167797 -3.16619785 -2.33283191 -2.23167397
 -3.1365713  -3.40940104 -2.18858556 -2.40455512 -2.71531467 -2.96069506
 -2.51862443 -2.70905805 -3.14771841 -2.19791691 -2.59733234 -2.79558559
 -2.41226947 -2.41114699 -3.57177975 -3.3133131  -2.62215021 -2.29440782
 -3.12373997 -3.224703   -2.74770705 -3.2898843  -2.67520876 -3.83049992
 -2.91203379 -2.81401858 -3.18085019 -3.1365713  -2.54394154 -2.55197825
 -3.24437867 -2.91952072 -2.32627082 -2.05021154 -2.60545194 -3.66078425
 -3.60621068 -2.39433804 -2.55796042 -3.67741701 -3.70214172 -2.8320496
 -2.41981807 -2.70843515 -3.26566497 -2.2373069  -2.05486029 -2.90466857
 -2.101788   -2.8435865  -2.1368992  -2.21149856 -3.58535128 -2.34557584
 -2.32997014 -2.87106815 -3.46842718 -3.3631716  -3.1063579  -2.34245435
 -3.00760218 -3.56759204 -2.71763008 -2.36899264 -2.67062213 -2.40027349
 -2.69707826 -2.76045476 -2.49480713 -2.69985791 -3.17619128 -2.39146332
 -3.3646194  -3.62469565 -3.15023021 -2.57200902 -2.72180751 -3.28765116
 -2.07401757 -2.26697967 -2.68695666 -3.10030216 -2.53888219 -2.02945352
 -2.44245382 -2.71794753 -2.88907106 -3.15707666 -2.31364844 -2.47906294
 -2.60441809 -2.84901607 -2.4775783  -3.1988445  -2.84913403 -2.40001011
 -2.63050599 -2.70196765 -2.1650357  -2.13576811 -3.43620521 -2.51095509
 -2.7222852  -3.13568505 -2.36750823 -2.17945425 -2.52816443 -2.25923383
 -2.87070483 -2.80255981]","[8.03428523 7.94011229 7.98910648 8.13753684 8.01376284 8.00301668
 8.04883891 8.06664594 7.85850238 7.92614031 8.06728603 8.11731639
 8.02686026 8.0439731  8.0091839  7.93271344 8.17590732 7.96590088
 8.06430546 7.98643407 8.00179458 7.99244411 7.97926861 7.9908488
 8.11594991 8.05365399 8.07812441 8.00869708 8.06837136 8.01759766
 7.99832766 8.00586042 7.96271666 7.97313819 8.02654108 7.9412393
 7.85515586 8.09760603 8.06786114 7.93600729 7.95462373 7.98185483
 8.04429176 7.90877937 8.03286916 8.18336994 7.93046014 7.97467935
 7.95311472 7.96351986 8.02268875 8.04910766 7.86672771 7.89183525
 7.96652562 8.09021385 8.00309937 8.07248068 8.11176483 8.03912053
 8.05115537 8.01719716 7.86870138 8.06525068 7.85838272 7.96540459
 7.84809344 7.93101259 7.92309712 8.04104396 7.95777153 7.98184592
 8.0840793  7.9836831  8.13415097 8.01952892 8.09011838 8.06991834
 7.93075679 8.06272042 7.96720813 8.07622737 7.89999759 8.01970738
 8.0430164  8.06594945 7.96855748 7.96607509 7.89176209 7.94821777
 8.04261255 8.01122031 8.02475309 7.90957761 8.06136951 8.04417596
 8.00723856 8.02210094 8.06327764 8.02718793 7.94331942 8.05566612
 7.92181261 8.05611073 7.9405976  8.06739065 7.97773965 8.02334961
 7.95562926 7.96537547 8.02134842 7.97517811 8.07769133 8.11066935
 7.81598222 8.05389097 8.0528402  7.90641394 7.98690299 8.00832875
 7.99200232 8.11785915 8.03103932 7.95768627 8.04509563 8.07225021
 8.04352148 7.95831113 8.06649238 8.1062473  7.94464694 7.97112195
 7.9435512  7.93718976 7.95412296 7.94476326 7.96898993 8.03343574
 7.91564098 7.93133806 7.99754511 7.99218587 8.06162724 7.95221199
 8.01817713 8.04241932 8.12137075 7.9520987  8.02274465 8.03488233
 8.087256   8.0569892  7.99349449 7.93898208 8.01000434 8.02322395
 8.03987441 7.94888662 7.97191802 7.92512111 7.98476695 8.00442019
 7.98760282 8.07286089 8.00948467 8.05341699 7.96394149 7.96144515
 8.02780148 7.93591891 7.92291888 7.88250293 8.03482983 7.96745697
 8.01091639 7.939464   8.0517676  8.04744429 7.98399773 8.0354849
 7.9783001  7.94883379 8.01916423 8.12358044 8.07694827 8.04038976
 7.9948352  8.01656978 8.1053303  8.00585243 8.06517027 7.99012633
 8.06662269 7.9880082  7.94208732 7.94008511 7.96960883 8.0942336
 7.97750175 8.01753637 7.9563311  7.93191432 8.0067664  8.05559007
 8.00163641 7.95109238 8.01518049 7.99108662 8.07658605 8.08199297
 8.04276715 8.06412369 8.01208167 7.9390665  7.96957786 8.11815251
 8.15169165 8.00602615 8.061924   8.01670625 8.07274795 8.07388623
 8.07691857 8.07271157 8.09054204 8.12421341 7.9722618  7.98828669
 7.91902877 7.98724398 7.83965426 7.97931124 7.99108731 7.92495447
 8.00227352 8.0615935  8.06063454 8.04295389 7.95636587 8.07348787
 8.03246374 8.14575421 7.9644185  8.00041325 7.95895151 8.13550398
 8.04437822 7.91528005 8.0769161  8.01333386 7.98750391 8.03438
 8.08923944 7.99250959 8.01627511 8.03147609 8.1369666  8.11947294
 8.10500559 7.90466281 7.89026467 7.94544444 8.10483628 7.95014114
 7.97381431 7.9715     8.07490161 7.94238701 7.99440144 7.99144578
 8.04111268 8.01583074 7.9442375  7.96214024 7.9381036  8.05365399
 7.88640822 8.01154741 7.97205865 7.96271666 8.02593606 8.11046239
 7.96329013 8.04036311 8.12353518 7.88708693 8.03095731 7.9660165
 8.06750992 7.95863768 8.05243906 8.07588772 7.93864576 8.12421341
 8.02541237 7.9674694  8.05769443 7.96853863 7.99524896 8.08390067
 8.04689634 8.0028348  7.89009507 7.9665831  7.9298734  8.03412732
 7.95354009 8.00695726 7.98573828 7.97018133 7.99212129 8.01350558
 8.07803536 8.0028348  7.98741924 7.99327876 7.94149712 8.10018354
 7.94755802 7.96870156 7.9406525  7.97490288 8.10514008 8.10322627
 8.00942656 8.0797668  8.04822158 8.07537378 7.95528022 8.01153948
 7.92311809 8.00238717 8.03752822 8.13835304 7.99812933 7.96737952
 8.029254   7.84459939 8.07117798 8.01510821 7.94694623 7.96959529
 8.02413479 7.96284339 8.07522434 8.10489555 8.06256833 8.03207379
 7.89542594 7.92934307 8.10264809 8.09106209 8.03049823 8.05769443
 7.91174483 7.99217804 8.02548894 7.97756759 7.9662354  8.04645437
 7.98659481 7.90503391 7.99327876 7.94198444 7.97856568 8.03660278
 7.95620236 7.96133956 8.02644894 8.000325   8.0743902  8.11466728
 8.00754711 8.06566321 7.99397715 7.9997407  8.04883891 8.05938621
 7.97399671 7.9802775  8.01659906 8.07974738 7.96822968 7.97194589
 8.04038976 7.99420105 7.93066869 7.97213401 7.95130687 7.97175158
 8.05143134 8.08214935 8.00632351 7.9830249  7.996933   8.01856231
 8.04528447 8.0497717  8.11815251 7.90713916 7.98478947 7.8153535
 8.07006264 8.0173734  8.04241932 7.9163725  8.07356349 8.01139859
 8.01406174 8.08299393 8.06926556 7.99086991 7.93348626 8.10147932
 8.05021535 8.01298923 8.05303962 8.05143134 7.94646161 7.89914666
 8.09683893 7.93591891 7.99685882 7.98139548 8.03005337 7.93496305
 7.98445188 7.97434882 7.97635486 7.97304277 8.08027043 8.02792599
 8.01110167 7.9606489  8.0693438  7.99443561 8.02172834 8.0321535
 7.99795737 8.00448522 7.92799954 8.00417184 7.93553275 7.89315019
 8.06544334 7.94536056 8.06728603 7.9354074  7.99478388 8.02790716
 7.89378408 7.95090456 7.96381808 8.07764275 8.08207184 8.09443915
 8.05117827 7.96094365 8.04021569 7.87112478 7.91539245 7.94661755
 7.92893346 7.94608456 7.96079449 8.06858633 7.91035323 7.91821284
 8.01493087 7.95103789 8.05835376 8.01460852 8.11277888 8.13273799
 7.95500072 7.96592844 8.02499466 7.92822729 8.01147415 8.03340135
 7.99857547 7.96577719 8.04591066 8.03883154 8.0079092  8.03860085
 7.86454347 8.05697347 7.96017013 8.02509946 7.97361824 7.88953262
 7.93987092 7.840345   7.93187405 8.10252076 8.07396526 8.07714937
 7.98668305 7.90323583]","[8.16643883 8.05962548 8.11824827 8.28530261 8.14479504 8.13464465
 8.19094101 8.20064876 7.97255446 8.04974351 8.20684766 8.25645979
 8.16366213 8.18566419 8.13853613 8.05260029 8.33462811 8.092067
 8.20878951 8.11156653 8.1326647  8.12122728 8.10462771 8.11895573
 8.26262705 8.18747625 8.22503999 8.13706596 8.20373048 8.1469665
 8.13403395 8.13926351 8.08232469 8.09738803 8.16682966 8.06304851
 7.96795938 8.23998475 8.20085713 8.05706225 8.07460974 8.11443348
 8.18311978 8.02500506 8.16644158 8.33997398 8.05386253 8.09754017
 8.0789507  8.08745442 8.15712318 8.18933642 7.98491521 8.01066594
 8.08689694 8.23605579 8.12553878 8.20905544 8.25331791 8.17198187
 8.19527615 8.1517007  7.97744492 8.20265061 7.97401096 8.08312021
 7.964447   8.05123888 8.04572182 8.17595113 8.08838079 8.11216923
 8.22166978 8.1071896  8.28501135 8.14939629 8.23402911 8.21139004
 8.04872708 8.20232283 8.08848153 8.21563494 8.01425037 8.15738311
 8.1770679  8.20655494 8.09752489 8.09512122 8.01047465 8.07650441
 8.17373506 8.14228036 8.16612355 8.03221146 8.20247352 8.18174183
 8.13513404 8.1510766  8.20167184 8.16051193 8.06808203 8.193833
 8.04766559 8.19675654 8.06166939 8.21161514 8.10254139 8.16365215
 8.0851378  8.09413417 8.14933264 8.10216887 8.21069402 8.2489814
 7.92317312 8.19653983 8.19091359 8.02689461 8.1158278  8.13385401
 8.12338021 8.26073699 8.17027952 8.08603655 8.18502642 8.20786649
 8.17910961 8.08994788 8.19569988 8.24631457 8.06553085 8.10333162
 8.06354927 8.06810552 8.0861183  8.06920083 8.09399248 8.17024749
 8.0357215  8.05145225 8.12812471 8.12247827 8.2049668  8.07873807
 8.14693675 8.1849593  8.27389203 8.07405161 8.15909042 8.16460178
 8.23112819 8.18774668 8.12503698 8.06120974 8.13922119 8.15312379
 8.17362709 8.08052638 8.09855515 8.04388368 8.11673987 8.13192611
 8.11242105 8.21568315 8.1411523  8.19719178 8.09314058 8.0858724
 8.15900343 8.05695582 8.0499861  7.9939529  8.16722104 8.0854725
 8.14234818 8.05771011 8.18800532 8.18109439 8.11142234 8.16244567
 8.11019574 8.07012349 8.14596725 8.2690974  8.22096034 8.17506387
 8.12066937 8.14739054 8.24029403 8.13641043 8.19986217 8.11293964
 8.20817536 8.11823609 8.05952119 8.062439   8.09264317 8.23525615
 8.10806147 8.14879346 8.07907172 8.04711189 8.14516426 8.19335037
 8.12742104 8.06950407 8.14323796 8.11448133 8.22094302 8.2267858
 8.18071088 8.20318956 8.14208495 8.05534696 8.10087237 8.26914138
 8.3011458  8.13763443 8.20178519 8.14649297 8.21727772 8.22372001
 8.21763122 8.21268032 8.23369067 8.27565117 8.08940357 8.11417627
 8.0351163  8.1167208  7.94899247 8.10132234 8.11804649 8.04115629
 8.13243718 8.19596714 8.19869093 8.17788644 8.08305353 8.21032903
 8.16873752 8.29217611 8.09254276 8.13080867 8.08822999 8.28549321
 8.18065987 8.03508158 8.22321294 8.14957728 8.11893556 8.17430764
 8.23326736 8.11711782 8.15284008 8.1622213  8.28334871 8.26044956
 8.25068034 8.02024018 8.01173671 8.07630479 8.24510845 8.07312993
 8.10147336 8.09584347 8.21802194 8.06081685 8.12165358 8.11331391
 8.17458924 8.150176   8.06247744 8.08758327 8.05835145 8.18747625
 7.9997399  8.14552395 8.09597078 8.08232469 8.16933766 8.25660915
 8.08383674 8.18134124 8.26518418 7.99999078 8.16281535 8.09510384
 8.21263046 8.07903508 8.18713308 8.21567505 8.06038932 8.27565117
 8.1553647  8.0971925  8.20472759 8.09130532 8.12610916 8.22105635
 8.17698925 8.12877857 8.00733336 8.09509803 8.06016589 8.16193521
 8.07439519 8.13603745 8.11411564 8.09487235 8.11800357 8.15039054
 8.22067933 8.12877857 8.11247282 8.11541271 8.07065841 8.24594615
 8.06675802 8.0932835  8.0625471  8.1064654  8.25053631 8.25262271
 8.13815656 8.21931679 8.17926965 8.21603346 8.07919885 8.13666191
 8.04756121 8.13168305 8.16807808 8.28466034 8.13001311 8.09815043
 8.17048966 7.9512886  8.21604048 8.14921676 8.07616379 8.09832794
 8.15795102 8.09043007 8.21018405 8.25028998 8.19911049 8.1636645
 8.00314644 8.04457719 8.25158431 8.22901382 8.17244659 8.20472759
 8.03147982 8.12272475 8.16360322 8.10163779 8.0895413  8.18192242
 8.12060936 8.02078672 8.11541271 8.06818831 8.10664062 8.17004095
 8.082729   8.0822536  8.15546231 8.13199918 8.20910042 8.26024757
 8.14573077 8.20318819 8.12544707 8.13162125 8.19094101 8.19390136
 8.10546978 8.10313137 8.15055643 8.22349143 8.09886564 8.0953525
 8.17506387 8.12656892 8.04960545 8.09790259 8.06820333 8.09645561
 8.19541491 8.22117074 8.13566656 8.10634581 8.12763039 8.15239055
 8.18574326 8.18657367 8.26914138 8.02277896 8.11654804 7.92115062
 8.21454813 8.14852484 8.1849593  8.03801204 8.20742317 8.14715558
 8.14773751 8.23037105 8.20973579 8.123638   8.04894568 8.24577896
 8.18107834 8.15118721 8.18724495 8.19541491 8.06686465 8.01444392
 8.24473379 8.05695582 8.12686152 8.10707408 8.16764266 8.05733658
 8.11576864 8.102417   8.10586256 8.1104923  8.22624223 8.1623348
 8.14407627 8.08284738 8.20411561 8.12533658 8.15464985 8.167963
 8.12267588 8.1329615  8.04831024 8.13175313 8.06335135 8.00775425
 8.19790056 8.06559519 8.20684766 8.05612389 8.12248039 8.16338884
 8.01027406 8.07287787 8.08753383 8.2189721  8.21619305 8.2282915
 8.18869504 8.08314438 8.17129408 7.98491481 8.03953732 8.07102386
 8.04939663 8.0703917  8.08268063 8.206389   8.02819498 8.03971794
 8.14701765 8.06904972 8.2006953  8.14255104 8.25207227 8.27530284
 8.07908534 8.09129377 8.1620808  8.04822313 8.1452631  8.16784278
 8.1287463  8.0907071  8.18113407 8.16908758 8.13326919 8.17105286
 7.96931785 8.19216549 8.08486124 8.15225695 8.10698587 8.0014494
 8.06532713 7.94929528 8.05052796 8.24456476 8.21430571 8.21070155
 8.11826678 8.0185545 ]","[0.79222502 0.83411112 0.76511442 0.72145877 0.79258413 0.74453368
 0.6703273  0.80503438 0.7482893  0.76077748 0.70054497 0.83137868
 0.72155789 0.67880467 0.8060752  0.82246066 0.62354118 0.72471915
 0.66993598 0.82809578 0.76055521 0.76653728 0.79730965 0.78670967
 0.69262872 0.79162769 0.64775865 0.82165947 0.75251904 0.80569628
 0.69595338 0.71960852 0.86770981 0.8443694  0.68017469 0.77468256
 0.76173497 0.7418779  0.83184503 0.77589693 0.91453973 0.71198987
 0.71516367 0.8183229  0.76483245 0.67579076 0.76170651 0.84970665
 0.75563274 0.82230828 0.70442865 0.69782555 0.77270037 0.73066256
 0.84570167 0.68549228 0.95817104 0.764755   0.70345417 0.80164595
 0.65613941 0.73118181 0.89396116 0.75511908 0.70890505 0.91827683
 0.70806813 0.85850464 0.77386872 0.77870269 0.69962956 0.72881537
 0.7567924  0.81480438 0.65397407 0.78504853 0.70645693 0.68535787
 0.88516156 0.72779776 0.90604033 0.66523303 0.79660592 0.7008662
 0.77816826 0.73893087 0.7442244  0.73605732 0.69719929 0.70383996
 0.82860329 0.78063671 0.64942949 0.75110639 0.7099628  0.73893304
 0.77670045 0.83335588 0.74764845 0.68188658 0.74246837 0.74187736
 0.70530926 0.69310243 0.82859158 0.68602527 0.83699759 0.67333175
 0.68938169 0.69960745 0.87286373 0.77790898 0.8550271  0.78019573
 0.7494116  0.67198175 0.69882802 0.70386316 0.74082073 0.86006544
 0.7418564  0.77164939 0.64913432 0.72687743 0.69960617 0.82273651
 0.72229525 0.69035507 0.86131145 0.74890282 0.84924713 0.6620291
 0.8745548  0.66672791 0.67278984 0.77006419 0.82252296 0.73628963
 0.72469955 0.82179547 0.76077277 0.74206729 0.65956881 0.75749001
 0.82345553 0.64902864 0.64198247 0.86236484 0.6997743  0.8620957
 0.70564259 0.85414215 0.74055472 0.79421519 0.79458263 0.84415748
 0.77294268 0.66031346 0.80083221 0.84843067 0.65555002 0.83172574
 0.87499879 0.71121639 0.7756601  0.64896141 0.65911849 0.82892824
 0.8229213  0.76776835 0.66545795 0.82901383 0.81093469 0.96619191
 0.78348953 0.80571364 0.76956411 0.75175783 0.79970933 0.8782533
 0.71097585 0.85528646 0.84125222 0.73977503 0.69515427 0.78521789
 0.84151223 0.73779894 0.82563657 0.72652836 0.84078056 0.87733028
 0.67938417 0.73826966 0.94588401 0.76976006 0.84194401 0.75167154
 0.69725039 0.79239979 0.82210101 0.90638812 0.67494474 0.73191304
 0.84997522 0.91981751 0.83414444 0.84012882 0.68500136 0.69252307
 0.70512212 0.7384927  0.80416423 0.89533913 0.71238146 0.65453936
 0.72697375 0.71701527 0.74482649 0.74511875 0.67046269 0.6056616
 0.69844864 0.75119799 0.69628836 0.66946255 0.91412919 0.80520181
 0.90698675 0.74219617 0.82335495 0.87768875 0.74271441 0.83911615
 0.77039506 0.78763972 0.73611223 0.77034626 0.74899195 0.81037305
 0.72254703 0.74493369 0.72934286 0.78620589 0.72126607 0.68591842
 0.7543063  0.8179922  0.61964251 0.6853626  0.72978519 0.6468689
 0.70018524 0.85781738 0.68805033 0.83938607 0.69364601 0.70883863
 0.71580265 0.86080653 0.72963071 0.67657363 0.82314543 0.80645778
 0.76196666 0.80909733 0.67291893 0.83956084 0.80964712 0.84937674
 0.75131958 0.72590719 0.91492651 0.80338254 0.84919917 0.79162769
 0.86343835 0.73518216 0.82479708 0.86770981 0.6300542  0.70146575
 0.86943269 0.67864072 0.7546122  0.82100637 0.73482559 0.73209743
 0.67049763 0.73701352 0.78905234 0.75469766 0.80553762 0.66946255
 0.82216729 0.72134848 0.61316735 0.85408381 0.75370056 0.7275314
 0.82577944 0.85617395 0.76530785 0.73659419 0.65275667 0.9038606
 0.87980289 0.78442818 0.77008623 0.78427083 0.80830531 0.67921258
 0.69830823 0.85617395 0.81691495 0.88288055 0.66706778 0.70807564
 0.90390532 0.83477074 0.8114901  0.69035094 0.69207903 0.62656445
 0.77872477 0.69081212 0.82871314 0.72087931 0.80146596 0.85876525
 0.71568473 0.76091417 0.82720462 0.75912186 0.72754294 0.64963183
 0.6677827  0.82683216 0.67163248 0.7062137  0.67570268 0.73465372
 0.76326299 0.74107936 0.84363084 0.69381015 0.78515811 0.7811373
 0.90750014 0.89812989 0.65180033 0.8342158  0.65259448 0.61316735
 0.78726714 0.74179698 0.66811382 0.85869679 0.85328476 0.73510157
 0.70185313 0.85694402 0.88288055 0.74700491 0.77753013 0.74266098
 0.76068891 0.87539671 0.87839625 0.75500423 0.79432677 0.69711536
 0.66182534 0.76826651 0.72794013 0.75251502 0.6703273  0.79793607
 0.71704147 0.84483891 0.75092355 0.69427648 0.68971289 0.85032243
 0.78521789 0.73720983 0.84327815 0.81174156 0.92533837 0.82388554
 0.63823277 0.73955789 0.80237365 0.77169154 0.76188078 0.73643273
 0.70179689 0.72388421 0.65453936 0.89842511 0.72274476 0.79727489
 0.68435205 0.79559615 0.64902864 0.76220603 0.80906848 0.68986294
 0.73134046 0.63688556 0.73947894 0.72245645 0.77069768 0.69615616
 0.84779547 0.68376106 0.7709924  0.63823277 0.86558579 0.80788615
 0.62743695 0.76776835 0.74957779 0.79074711 0.71307231 0.790166
 0.73947537 0.74548431 0.7443241  0.56884998 0.64978107 0.7543588
 0.7356975  0.85283385 0.79696789 0.71000526 0.76901004 0.71763669
 0.89093089 0.74288527 0.74347241 0.84471001 0.6982552  0.78484764
 0.84064421 0.87876393 0.70054497 0.81203944 0.76682496 0.72552967
 0.70591349 0.85033853 0.74311854 0.73019286 0.86023365 0.87238707
 0.74769745 0.90351424 0.75771295 0.8407141  0.68923766 0.73957237
 0.8049225  0.79415175 0.82382365 0.7326839  0.84237421 0.73506696
 0.77691091 0.86741841 0.68312958 0.84881877 0.77341056 0.73642178
 0.7813846  0.75882466 0.6985452  0.84833528 0.73050026 0.74610405
 0.77079295 0.75864852 0.74919727 0.80538788 0.86831627 0.76709714
 0.88571133 0.76037429 0.72657408 0.89597354 0.68307492 0.87834954
 0.71441976 0.83047363 0.88030653 0.76481738 0.73077858 0.80326851
 0.72289719 0.7520351 ]","[-8.13543667 -8.01888838 -8.10538009 -8.27932533 -8.11471747 -8.13113233
 -8.222552   -8.16083152 -7.98443285 -8.04488266 -8.22185001 -8.19751751
 -8.16858908 -8.21222828 -8.10280834 -8.0175983  -8.38104218 -8.10573115
 -8.23827216 -8.0683535  -8.12066384 -8.10791083 -8.07764159 -8.09503431
 -8.27544941 -8.15513301 -8.26671119 -8.09400522 -8.19185387 -8.1114263
 -8.15574752 -8.14876412 -8.02434216 -8.04660571 -8.19392062 -8.05211552
 -7.97335197 -8.2272736  -8.14781872 -8.04620326 -7.99342115 -8.12938102
 -8.18988632 -7.99585466 -8.14930285 -8.35355769 -8.04867247 -8.04541033
 -8.07480396 -8.04848519 -8.17485174 -8.2053608  -7.97871659 -8.0281184
 -8.03930843 -8.25421128 -8.02165633 -8.18895835 -8.26452902 -8.13513792
 -8.23415925 -8.15317178 -7.91738273 -8.18723524 -8.00779464 -8.00243097
 -7.99801839 -7.99726994 -8.03442983 -8.14967228 -8.11290338 -8.1192284
 -8.20510254 -8.07262975 -8.31859044 -8.12463241 -8.24103269 -8.23400093
 -7.98373424 -8.2007097  -8.0100606  -8.25325357 -7.99875406 -8.17407227
 -8.15194289 -8.19734564 -8.09685358 -8.09916346 -8.04840516 -8.10074385
 -8.12426589 -8.11877135 -8.21222109 -8.03387615 -8.21013391 -8.17557088
 -8.116985   -8.10127044 -8.1895802  -8.19347579 -8.07264146 -8.185334
 -8.07343302 -8.21531331 -8.02225708 -8.23105053 -8.05501544 -8.19512052
 -8.11716952 -8.12052105 -8.08040197 -8.08424933 -8.14571145 -8.21846578
 -7.94126181 -8.22653349 -8.20846988 -8.0589257  -8.11718986 -8.07379725
 -8.12168247 -8.23043913 -8.21870475 -8.09622509 -8.200242   -8.15698945
 -8.18480673 -8.11923861 -8.13133216 -8.23182184 -8.01561285 -8.15024487
 -8.00176417 -8.11324112 -8.12624354 -8.05823633 -8.05384191 -8.16638706
 -8.05548299 -8.01657431 -8.11629015 -8.12174259 -8.24236713 -8.07283508
 -8.10253699 -8.23015546 -8.31384758 -8.01640766 -8.17778666 -8.09932685
 -8.23867122 -8.12545905 -8.12393733 -8.03904388 -8.10986527 -8.09680048
 -8.15172712 -8.12913647 -8.06837648 -7.99650475 -8.16816111 -8.08444005
 -8.04559537 -8.22085914 -8.11981321 -8.24119812 -8.14497799 -8.04292821
 -8.11244317 -8.05068871 -8.09979826 -7.96394115 -8.12584395 -7.98239357
 -8.11688319 -8.03328328 -8.1655228  -8.17136633 -8.08106556 -8.09186511
 -8.12644525 -8.01672219 -8.09423801 -8.25448077 -8.23486707 -8.14539958
 -8.06977477 -8.14863175 -8.18854138 -8.14459985 -8.14048761 -8.04696321
 -8.23450727 -8.11979318 -7.96624943 -8.05372974 -8.04432562 -8.21820549
 -8.13411298 -8.11859202 -8.04140592 -7.97460011 -8.17749819 -8.19113058
 -8.07223015 -7.98739071 -8.09393923 -8.06674074 -8.24089462 -8.24155873
 -8.19450282 -8.19577748 -8.10673692 -7.98707893 -8.11686525 -8.30221674
 -8.29017292 -8.15049775 -8.18986888 -8.14448076 -8.24637333 -8.29165619
 -8.23278409 -8.19695715 -8.2477529  -8.29848712 -8.01125423 -8.08238195
 -7.96142782 -8.11672527 -7.92406716 -8.03597071 -8.12026546 -8.00113239
 -8.11556003 -8.16526588 -8.19369051 -8.15626791 -8.08188872 -8.16480288
 -8.17359762 -8.2736366  -8.10148677 -8.10487695 -8.10085601 -8.29923151
 -8.16683048 -8.00253088 -8.28477489 -8.17741346 -8.12430887 -8.22356373
 -8.24402649 -8.05911475 -8.1786549  -8.10751434 -8.29582871 -8.26892557
 -8.25021229 -7.96975726 -8.02716157 -8.11512937 -8.18935971 -8.0435595
 -8.09187834 -8.06349923 -8.24693886 -8.01833484 -8.08610566 -8.06234541
 -8.16528797 -8.15494964 -7.98285129 -8.05721785 -8.00909404 -8.15513301
 -7.95017688 -8.14515245 -8.05571153 -8.02434216 -8.22655815 -8.26445592
 -8.02405417 -8.20872319 -8.24581135 -7.9727404  -8.16477304 -8.10144762
 -8.24111268 -8.09116222 -8.15533324 -8.19811471 -8.03255993 -8.29848712
 -8.11045217 -8.10932429 -8.27011541 -8.03703814 -8.11805012 -8.22204892
 -8.13003227 -8.07027279 -8.0062589  -8.09935481 -8.11512208 -8.07802586
 -8.00915471 -8.11240407 -8.09919892 -8.07571526 -8.08454586 -8.18149986
 -8.23398819 -8.07027279 -8.0752424  -8.04737681 -8.11732716 -8.25010388
 -7.99143508 -8.04713434 -8.03136927 -8.13583296 -8.26498439 -8.30626052
 -8.11804256 -8.24040686 -8.12981735 -8.21751122 -8.05139514 -8.07766502
 -8.06839634 -8.1210515  -8.11991527 -8.25804154 -8.1362707  -8.15471223
 -8.20461883 -7.92718203 -8.24404629 -8.16617207 -8.11719059 -8.10351261
 -8.14146059 -8.09297868 -8.14907189 -8.2636549  -8.16761121 -8.13934641
 -7.93757924 -7.97600392 -8.28853351 -8.16978368 -8.21585483 -8.27011541
 -8.01562271 -8.12189298 -8.20063849 -8.04372775 -8.03514141 -8.18010702
 -8.14034857 -7.97208145 -8.04737681 -8.06866099 -8.08784846 -8.16581218
 -8.07499528 -8.01913465 -8.08275847 -8.12237562 -8.174391   -8.27136262
 -8.18680372 -8.1801513  -8.13188149 -8.12322553 -8.222552   -8.15741811
 -8.11845244 -8.05350359 -8.14100333 -8.23821493 -8.12956134 -8.04236225
 -8.14539958 -8.12660993 -8.00469785 -8.06271622 -7.98500629 -8.0558847
 -8.24645224 -8.21317717 -8.10194686 -8.09558116 -8.11504599 -8.15142923
 -8.19907303 -8.1901026  -8.30221674 -7.95365728 -8.12580452 -7.91374542
 -8.23478307 -8.11668072 -8.23015546 -8.03430012 -8.16557821 -8.17263577
 -8.14994214 -8.27893253 -8.20033975 -8.13205824 -8.0466022  -8.25877264
 -8.12192426 -8.17808486 -8.16598953 -8.24645224 -8.00915149 -7.99179649
 -8.29926884 -8.05068871 -8.12204211 -8.08335786 -8.17691979 -8.03724471
 -8.11552817 -8.10191031 -8.10459278 -8.21804503 -8.26750337 -8.15034803
 -8.14440239 -8.02978447 -8.16790298 -8.14317405 -8.13579634 -8.17624886
 -8.04811335 -8.13356347 -8.05673468 -8.0774642  -8.09151857 -7.99836483
 -8.14083112 -8.00148833 -8.22185001 -8.02583027 -8.11008763 -8.16725198
 -8.04503259 -8.0213127  -8.09275999 -8.21420517 -8.14745541 -8.15372993
 -8.17745237 -8.00500865 -8.16071098 -7.94647644 -8.07702345 -8.07763687
 -8.02317939 -8.04618106 -8.04496023 -8.20366969 -7.98484817 -8.05188594
 -8.12455965 -8.01280925 -8.22385067 -8.08579354 -8.22436878 -8.26561137
 -8.06213587 -8.085787   -8.18080015 -7.99965976 -8.14785377 -8.16060195
 -8.11163774 -8.08573657 -8.17131448 -8.13282645 -8.06923126 -8.15375049
 -7.91725127 -8.17594605 -8.09889023 -8.07280428 -8.1391499  -7.94586524
 -8.08591746 -7.92101915 -7.98724012 -8.21896301 -8.21017945 -8.17228862
 -8.12760651 -8.02699772]","[1.57770922 1.70689792 1.61077761 1.4182084  1.59954982 1.5825392
 1.4806454  1.55046517 1.74681457 1.67681364 1.48388785 1.50863859
 1.53990855 1.49138013 1.61313893 1.70781434 1.30553653 1.61340223
 1.46254329 1.65181354 1.59376554 1.6086055  1.64229881 1.62215826
 1.42317295 1.55634423 1.43167273 1.6229254  1.51808651 1.60450435
 1.5538457  1.56313228 1.70134931 1.67444395 1.5110903  1.67137476
 1.75914401 1.47564718 1.56448479 1.67804128 1.73189233 1.58333983
 1.51658516 1.73321914 1.56242422 1.33513776 1.67322464 1.67702834
 1.64465957 1.67287974 1.53601333 1.49970994 1.74839541 1.69835041
 1.68561974 1.44524628 1.70120376 1.51976638 1.43921739 1.57730023
 1.46701947 1.55762417 1.81917323 1.52066433 1.72187661 1.72515291
 1.73092754 1.72780326 1.68824497 1.56072004 1.60178685 1.59574779
 1.50260647 1.64916325 1.37584868 1.59079971 1.46035608 1.46982686
 1.74359496 1.50498738 1.71396549 1.45263836 1.73229266 1.53355151
 1.5593051  1.50734837 1.61947851 1.61708991 1.67818178 1.61626901
 1.58991109 1.59546811 1.49170795 1.6887895  1.49406157 1.53216275
 1.60041901 1.61505339 1.5173251  1.51849971 1.64789543 1.52179861
 1.6460135  1.48934038 1.70197062 1.47002446 1.66548232 1.50987644
 1.59862144 1.59601976 1.6369133  1.63405941 1.56658535 1.48852167
 1.79684678 1.47611715 1.49875622 1.66589313 1.59918482 1.64597699
 1.59223913 1.47198252 1.48735455 1.62072413 1.50512671 1.55269378
 1.52490464 1.59442414 1.58475984 1.47341039 1.70880273 1.56284496
 1.72353725 1.60114261 1.58706062 1.66262559 1.66645504 1.54210069
 1.66973599 1.70861099 1.59842974 1.59326451 1.4595928  1.64593834
 1.61400289 1.47260406 1.37893063 1.70693893 1.53116706 1.61625319
 1.46275609 1.58908297 1.58981967 1.68402794 1.60621737 1.61859918
 1.55981969 1.58452326 1.65028588 1.73003217 1.54516546 1.63335353
 1.6748859  1.4816181  1.59381865 1.46032659 1.57112241 1.67794403
 1.60165437 1.67357388 1.61843402 1.76990837 1.58706434 1.74489039
 1.59698451 1.6937701  1.54353898 1.54028307 1.63680932 1.62647362
 1.5869586  1.70728761 1.62425847 1.44530176 1.46642035 1.5652258
 1.64969056 1.56584699 1.52179438 1.57014164 1.57011999 1.67552298
 1.46923956 1.59527843 1.76161619 1.66921587 1.67793954 1.48607146
 1.58062679 1.59545039 1.68115295 1.75550181 1.52940345 1.51640861
 1.64728472 1.73949709 1.6233028  1.65516405 1.4600479  1.45894794
 1.51285295 1.51045614 1.6085593  1.7419401  1.59713974 1.39209388
 1.40567242 1.56319347 1.51556941 1.57103202 1.45439639 1.40380953
 1.47180275 1.5083736  1.45439796 1.39537462 1.7169035  1.63702797
 1.76778414 1.59909741 1.81189413 1.68731769 1.59807485 1.72796528
 1.59957581 1.54565997 1.5135526  1.55409903 1.63672312 1.54365546
 1.53542809 1.425241   1.61568847 1.61002712 1.61516501 1.39607875
 1.54218736 1.72296708 1.41422776 1.53164262 1.58955898 1.48180813
 1.45724509 1.66157652 1.53007962 1.60703995 1.40308867 1.43539731
 1.44941245 1.75996487 1.69666589 1.59930977 1.51566762 1.6787512
 1.6257621  1.6574568  1.4552403  1.70853482 1.63194169 1.66108595
 1.54653497 1.55600459 1.74420827 1.66263861 1.71595761 1.55634423
 1.78179092 1.56617051 1.66567583 1.70134931 1.47533974 1.43469681
 1.70069872 1.49559817 1.45783914 1.75965524 1.54866842 1.61476454
 1.45906628 1.63373987 1.55527223 1.50739745 1.69099601 1.39537462
 1.60489499 1.60625212 1.42815093 1.68549466 1.59638917 1.48609489
 1.58517431 1.64908294 1.72180231 1.61742975 1.59988493 1.63946574
 1.71528969 1.60381524 1.61772321 1.64489321 1.63487135 1.52691468
 1.46866733 1.64908294 1.64500352 1.67578874 1.59881105 1.449433
 1.73466442 1.67358321 1.69203563 1.57790402 1.43491888 1.38964253
 1.59852693 1.46534265 1.58443407 1.4871286  1.66998572 1.64251205
 1.65246003 1.59495212 1.59483437 1.44095065 1.57714502 1.55981636
 1.499445   1.81142826 1.45639071 1.54501888 1.59889135 1.61305424
 1.57002268 1.62473415 1.56126789 1.43625017 1.54114613 1.57436237
 1.79999975 1.75406145 1.40782976 1.53756409 1.4874963  1.42815093
 1.70994179 1.59285981 1.50654673 1.67750154 1.68685219 1.52972443
 1.57093637 1.75746522 1.67578874 1.65043465 1.62937611 1.54604915
 1.64377758 1.70525081 1.63352766 1.5912497  1.53619828 1.42835658
 1.52031212 1.52762321 1.58194809 1.59019342 1.4806454  1.55336623
 1.59537399 1.66894203 1.57033879 1.46334052 1.5851022  1.67953063
 1.5652258  1.58632169 1.7216649  1.65681469 1.74339674 1.66471077
 1.45486369 1.49310093 1.61400959 1.62639742 1.59955612 1.56004203
 1.50576767 1.51839493 1.39209388 1.77600241 1.58773641 1.82575697
 1.46603094 1.59746733 1.47260406 1.68935984 1.54586161 1.53690673
 1.56168159 1.41898985 1.50448951 1.58047317 1.68323787 1.44222721
 1.59251225 1.52901665 1.54510464 1.45486369 1.71574497 1.73820574
 1.3981358  1.67357388 1.59325469 1.63626303 1.53079041 1.68568126
 1.59845457 1.61532101 1.61119901 1.48980494 1.43182432 1.56054266
 1.56792251 1.69331655 1.5426247  1.57122448 1.57658166 1.53324113
 1.67246764 1.58325974 1.66825411 1.640254   1.62596232 1.7323306
 1.57201117 1.72357653 1.48388785 1.69875273 1.60751535 1.54256584
 1.68377691 1.70201349 1.62882376 1.48976498 1.56372288 1.55771722
 1.53033035 1.71809012 1.55351013 1.78503301 1.64413118 1.64325631
 1.70165693 1.6748113  1.67845312 1.50382715 1.74260958 1.67190846
 1.58865306 1.71447841 1.47910728 1.63156343 1.48163732 1.43712328
 1.659079   1.63414717 1.52741321 1.72564389 1.56365677 1.55025611
 1.60349093 1.63463301 1.53876161 1.58221701 1.65070824 1.559097
 1.82327385 1.53416143 1.62171815 1.64533773 1.57278196 1.78751748
 1.63392582 1.81533007 1.73940546 1.48429249 1.4947796  1.53945869
 1.58610925 1.70298311]","[0.09480331 0.07194609 0.08677035 0.17355237 0.09172728 0.09253177
 0.15395323 0.09937925 0.06360189 0.08035771 0.1290482  0.13714361
 0.12436966 0.15546202 0.09689994 0.0720043  0.24799697 0.10529922
 0.16066748 0.07879961 0.10621728 0.1039226  0.08776554 0.08575457
 0.1822752  0.09774928 0.17484406 0.08863056 0.10657796 0.10203253
 0.12265274 0.09645278 0.07370005 0.07747637 0.14629979 0.08422374
 0.06054657 0.16224538 0.10657239 0.07888488 0.06625644 0.11215283
 0.14469768 0.06659603 0.0958844  0.23292197 0.08228186 0.07512065
 0.08896232 0.07787157 0.13190989 0.1504508  0.06349336 0.0746076
 0.07912928 0.17294138 0.07255322 0.10815998 0.12919376 0.10367546
 0.16460928 0.12623159 0.05025911 0.12031331 0.07053377 0.06717137
 0.06770382 0.06725809 0.07388971 0.11638788 0.10512034 0.11081995
 0.11187255 0.08683998 0.20792757 0.1130518  0.16744607 0.15195322
 0.06434365 0.14186793 0.06882919 0.12295822 0.06688071 0.13056437
 0.11992752 0.14753051 0.08848286 0.10535923 0.08176033 0.10523885
 0.09104456 0.09234543 0.15527214 0.07265654 0.14808503 0.12887972
 0.08863297 0.09618926 0.14056598 0.13440675 0.09166841 0.13124316
 0.09003462 0.15265744 0.07014415 0.16488344 0.07878131 0.1471909
 0.10929988 0.09703316 0.0849319  0.09063721 0.09545141 0.11867967
 0.05245679 0.1492989  0.14804128 0.08689755 0.09916366 0.07987756
 0.10522712 0.14644676 0.15308714 0.10146628 0.14026047 0.12510929
 0.13716941 0.10628936 0.09089801 0.11924025 0.07295168 0.12201185
 0.06822404 0.10680383 0.1167343  0.08460693 0.0761215  0.12287188
 0.08353689 0.07170349 0.0993912  0.10948938 0.15068965 0.08087094
 0.09466944 0.15669945 0.21008864 0.07255905 0.1162454  0.08953642
 0.14847581 0.09208005 0.11527281 0.07629883 0.09432324 0.08846791
 0.11382253 0.11228353 0.0831885  0.06757671 0.10052973 0.08720717
 0.07773198 0.15922052 0.09552515 0.16375168 0.11134842 0.07597351
 0.09987037 0.08030439 0.10363913 0.05899252 0.11460363 0.06475165
 0.11039631 0.07261556 0.12574619 0.11745725 0.09043609 0.08612026
 0.11501571 0.06957823 0.08373669 0.17580733 0.16671051 0.12120757
 0.08600094 0.09743612 0.10969203 0.09676963 0.11739191 0.07449016
 0.12517665 0.09598489 0.06249853 0.07948977 0.0752976  0.15697309
 0.09668053 0.11096972 0.07786248 0.06245362 0.13855981 0.1392929
 0.08039089 0.06473666 0.08939814 0.07910624 0.16484242 0.16861009
 0.12922841 0.14114015 0.09457476 0.06457968 0.10299106 0.20324614
 0.19345471 0.11568953 0.14446114 0.09859102 0.16058114 0.19178115
 0.15275172 0.14756301 0.15631789 0.20273458 0.06828992 0.09021487
 0.06009561 0.11014811 0.05071179 0.07678784 0.08961932 0.06638632
 0.11049527 0.12333996 0.12359789 0.10829524 0.08785306 0.13264377
 0.12601862 0.16542575 0.09975843 0.10301247 0.1036088  0.18635403
 0.11453142 0.06874119 0.18881875 0.12974994 0.1094751  0.15805955
 0.16511893 0.07698327 0.13551536 0.10679975 0.16967535 0.12895873
 0.16874156 0.06151949 0.07134395 0.1121715  0.14113347 0.07917832
 0.09484818 0.08606184 0.13618493 0.07288142 0.0905408  0.0833156
 0.10404491 0.101245   0.06371518 0.08738143 0.06872536 0.09774928
 0.05723988 0.10869422 0.07638611 0.07370005 0.16242762 0.17257938
 0.07413221 0.15378667 0.12210117 0.06184105 0.10028671 0.10551348
 0.1692633  0.08218768 0.1207739  0.14656344 0.07387745 0.20273458
 0.09092391 0.10738838 0.18496612 0.07405405 0.10123001 0.1155374
 0.09174435 0.08081515 0.06932803 0.08612247 0.10383767 0.08468408
 0.0681686  0.08770928 0.08904284 0.09181499 0.09378139 0.12147452
 0.1596989  0.08081515 0.08658178 0.07684215 0.11165842 0.17022195
 0.06552873 0.07767289 0.07604681 0.11864664 0.17564927 0.17770809
 0.08858006 0.12772531 0.10326283 0.15019449 0.08378492 0.08144725
 0.08565827 0.11357369 0.09742805 0.17947167 0.11241545 0.11962579
 0.14380842 0.0491033  0.16724284 0.1003632  0.10806952 0.09637667
 0.11192512 0.097621   0.11795705 0.15670376 0.12807981 0.09419236
 0.05298538 0.06301186 0.18995471 0.12382106 0.14981187 0.18496612
 0.07153402 0.10975569 0.14888152 0.07811003 0.07353129 0.13036386
 0.11775686 0.06200929 0.07684215 0.0859734  0.08815464 0.09955979
 0.08667516 0.07489676 0.09749614 0.1035387  0.12579573 0.17603634
 0.13932649 0.1207487  0.09331113 0.09506469 0.15395323 0.10689053
 0.11064507 0.07632522 0.10653873 0.16101276 0.1160047  0.07736266
 0.12120757 0.09898387 0.06943669 0.08098417 0.0638624  0.08043197
 0.15145632 0.12020234 0.09879936 0.08778408 0.09975951 0.12383528
 0.14782838 0.12771604 0.20324614 0.05899949 0.11434141 0.04827983
 0.16740277 0.10322041 0.15669945 0.07703139 0.10032858 0.13266405
 0.09774647 0.17180656 0.14193907 0.11494385 0.07802589 0.16589238
 0.09786634 0.13114794 0.1109733  0.15145632 0.07105106 0.06545902
 0.18715831 0.08030439 0.10917394 0.09241432 0.12989408 0.07512543
 0.09555307 0.10574803 0.09109876 0.15405197 0.17126849 0.11339296
 0.1039075  0.0720267  0.10411811 0.11698592 0.12063594 0.12632801
 0.07739016 0.10406966 0.08802655 0.09450718 0.09740769 0.06704699
 0.09441983 0.06799147 0.1290482  0.07153778 0.08874886 0.12885629
 0.0789412  0.07146118 0.08388371 0.155117   0.12048186 0.10220691
 0.11963141 0.06947707 0.11077532 0.05669122 0.09560404 0.09061966
 0.07077329 0.07460344 0.07409738 0.1331633  0.06433087 0.08212219
 0.11207226 0.07087813 0.15748027 0.08250922 0.11766595 0.16164479
 0.08874133 0.09587761 0.13470059 0.06739499 0.12412259 0.11816143
 0.10884495 0.08581644 0.13169138 0.0938803  0.0821086  0.09726471
 0.04886224 0.10293009 0.10254397 0.08413939 0.11779602 0.05742341
 0.09838296 0.05011721 0.06507298 0.14449329 0.1509987  0.10348442
 0.10931133 0.07351295]","[6.90844452 6.93130175 6.91647749 6.82969547 6.91152056 6.91071606
 6.84929461 6.90386859 6.93964595 6.92289013 6.87419964 6.86610423
 6.87887817 6.84778582 6.9063479  6.93124354 6.75525087 6.89794862
 6.84258036 6.92444823 6.89703056 6.89932523 6.9154823  6.91749327
 6.82097264 6.90549856 6.82840378 6.91461728 6.89666988 6.9012153
 6.8805951  6.90679506 6.92954779 6.92577147 6.85694805 6.9190241
 6.94270127 6.84100246 6.89667545 6.92436295 6.93699139 6.89109501
 6.85855016 6.93665181 6.90736344 6.77032587 6.92096598 6.92812719
 6.91428552 6.92537626 6.87133795 6.85279704 6.93975448 6.92864023
 6.92411855 6.83030645 6.93069462 6.89508785 6.87405408 6.89957238
 6.83863855 6.87701625 6.95298873 6.88293453 6.93271407 6.93607646
 6.93554402 6.93598975 6.92935813 6.88685996 6.8981275  6.89242789
 6.89137528 6.91640786 6.79532027 6.89019604 6.83580176 6.85129462
 6.93890419 6.86137991 6.93441865 6.88028962 6.93636713 6.87268347
 6.88332032 6.85571733 6.91476498 6.89788861 6.92148751 6.89800899
 6.91220328 6.91090241 6.8479757  6.9305913  6.85516281 6.87436812
 6.91461487 6.90705858 6.86268186 6.86884109 6.91157942 6.87200468
 6.91321322 6.8505904  6.93310369 6.83836439 6.92446652 6.85605694
 6.89394796 6.90621468 6.91831594 6.91261063 6.90779643 6.88456817
 6.95079105 6.85394894 6.85520656 6.91635029 6.90408418 6.92337027
 6.89802072 6.85680108 6.8501607  6.90178156 6.86298737 6.87813855
 6.86607843 6.89695847 6.91234983 6.88400759 6.93029616 6.88123599
 6.9350238  6.896444   6.88651354 6.91864091 6.92712634 6.88037596
 6.91971095 6.93154435 6.90385664 6.89375846 6.85255819 6.9223769
 6.90857839 6.84654839 6.7931592  6.93068879 6.88700243 6.91371142
 6.85477203 6.91116779 6.88797503 6.92694901 6.9089246  6.91477992
 6.88942531 6.89096431 6.92005934 6.93567113 6.90271811 6.91604067
 6.92551585 6.84402732 6.90772269 6.83949616 6.89189942 6.92727433
 6.90337747 6.92294345 6.89960871 6.94425532 6.88864421 6.93849619
 6.89285153 6.93063228 6.87750164 6.88579058 6.91281175 6.91712757
 6.88823213 6.9336696  6.91951115 6.82744051 6.83653733 6.88204027
 6.9172469  6.90581172 6.89355581 6.9064782  6.88585593 6.92875768
 6.87807119 6.90726295 6.94074931 6.92375807 6.92795024 6.84627475
 6.90656731 6.89227812 6.92538536 6.94079422 6.86468803 6.86395494
 6.92285695 6.93851117 6.91384969 6.92414159 6.83840542 6.83463775
 6.87401942 6.86210769 6.90867307 6.93866816 6.90025678 6.8000017
 6.80979313 6.88755831 6.8587867  6.90465681 6.8426667  6.81146669
 6.85049612 6.85568483 6.84692995 6.80051326 6.93495792 6.91303297
 6.94315222 6.89309973 6.95253605 6.92646    6.91362852 6.93686152
 6.89275257 6.87990787 6.87964995 6.89495259 6.91539477 6.87060407
 6.87722922 6.83782209 6.90348941 6.90023537 6.89963903 6.81689381
 6.88871641 6.93450665 6.81442908 6.8734979  6.89377273 6.84518829
 6.83812891 6.92626457 6.86773248 6.89644809 6.83357249 6.87428911
 6.83450628 6.94172835 6.93190389 6.89107634 6.86211437 6.92406952
 6.90839966 6.917186   6.86706291 6.93036642 6.91270704 6.91993224
 6.89920293 6.90200284 6.93953266 6.91586641 6.93452248 6.90549856
 6.94600796 6.89455362 6.92686173 6.92954779 6.84082022 6.83066846
 6.92911563 6.84946117 6.88114667 6.94140679 6.90296113 6.89773436
 6.83398454 6.92106016 6.88247394 6.8566844  6.92937038 6.80051326
 6.91232393 6.89585946 6.81828172 6.92919379 6.90201783 6.88771044
 6.91150349 6.92243269 6.93391981 6.91712537 6.89941017 6.91856376
 6.93507924 6.91553856 6.914205   6.91143285 6.90946645 6.88177332
 6.84354894 6.92243269 6.91666606 6.92640568 6.89158941 6.83302589
 6.93771911 6.92557495 6.92720103 6.8846012  6.82759857 6.82553975
 6.91466778 6.87552253 6.89998501 6.85305335 6.91946292 6.92180059
 6.91758957 6.88967415 6.90581979 6.82377617 6.89083239 6.88362205
 6.85943942 6.95414454 6.836005   6.90288464 6.89517832 6.90687117
 6.89132272 6.90562684 6.88529078 6.84654408 6.87516803 6.90905548
 6.95026245 6.94023598 6.81329313 6.87942677 6.85343597 6.81828172
 6.93171382 6.89349215 6.85436631 6.92513781 6.92971655 6.87288397
 6.88549098 6.94123855 6.92640568 6.91727444 6.9150932  6.90368805
 6.91657268 6.92835108 6.9057517  6.89970914 6.87745211 6.8272115
 6.86392135 6.88249914 6.90993671 6.90818315 6.84929461 6.89635731
 6.89260277 6.92692262 6.89670911 6.84223508 6.88724314 6.92588517
 6.88204027 6.90426397 6.93381115 6.92226367 6.93938544 6.92281587
 6.85179152 6.8830455  6.90444848 6.91546376 6.90348833 6.87941256
 6.85541946 6.87553179 6.8000017  6.94424835 6.88890643 6.95496801
 6.83584507 6.90002743 6.84654839 6.92621645 6.90291926 6.87058378
 6.90550137 6.83144128 6.86130877 6.88830399 6.92522195 6.83735546
 6.9053815  6.87209989 6.89227454 6.85179152 6.93219678 6.93778882
 6.81608953 6.92294345 6.8940739  6.91083352 6.87335376 6.92812241
 6.90769477 6.89749981 6.91214908 6.84919587 6.83197935 6.88985488
 6.89934034 6.93122114 6.89912973 6.88626191 6.88261189 6.87691982
 6.92585768 6.89917818 6.91522129 6.90874065 6.90584014 6.93620085
 6.90882801 6.93525637 6.87419964 6.93171006 6.91449898 6.87439155
 6.92430664 6.93178666 6.91936412 6.84813083 6.88276598 6.90104093
 6.88361643 6.93377077 6.89247252 6.94655662 6.90764379 6.91262817
 6.93247454 6.9286444  6.92915046 6.87008454 6.93891697 6.92112564
 6.89117558 6.93236971 6.84576757 6.92073862 6.88558189 6.84160305
 6.91450651 6.90737023 6.86854724 6.93585285 6.87912525 6.88508641
 6.89440289 6.9174314  6.87155646 6.90936754 6.92113923 6.90598313
 6.9543856  6.90031775 6.90070387 6.91910845 6.88545182 6.94582443
 6.90486488 6.95313063 6.93817486 6.85875455 6.85224914 6.89976342
 6.89393651 6.92973489]","[99. 99. 99. 99. 99. 99. 99. 99. 99. 99. 99. 99. 99. 99. 99. 99. 99. 99.
 99. 99. 99. 99. 99. 99. 99. 99. 99. 99. 99. 99. 99. 99. 99. 99. 99. 99.
 99. 99. 99. 99. 99. 99. 99. 99. 99. 99. 99. 99. 99. 99. 99. 99. 99. 99.
 99. 99. 99. 99. 99. 99. 99. 99. 99. 99. 99. 99. 99. 99. 99. 99. 99. 99.
 99. 99. 99. 99. 99. 99. 99. 99. 99. 99. 99. 99. 99. 99. 99. 99. 99. 99.
 99. 99. 99. 99. 99. 99. 99. 99. 99. 99. 99. 99. 99. 99. 99. 99. 99. 99.
 99. 99. 99. 99. 99. 99. 99. 99. 99. 99. 99. 99. 99. 99. 99. 99. 99. 99.
 99. 99. 99. 99. 99. 99. 99. 99. 99. 99. 99. 99. 99. 99. 99. 99. 99. 99.
 99. 99. 99. 99. 99. 99. 99. 99. 99. 99. 99. 99. 99. 99. 99. 99. 99. 99.
 99. 99. 99. 99. 99. 99. 99. 99. 99. 99. 99. 99. 99. 99. 99. 99. 99. 99.
 99. 99. 99. 99. 99. 99. 99. 99. 99. 99. 99. 99. 99. 99. 99. 99. 99. 99.
 99. 99. 99. 99. 99. 99. 99. 99. 99. 99. 99. 99. 99. 99. 99. 99. 99. 99.
 99. 99. 99. 99. 99. 99. 99. 99. 99. 99. 99. 99. 99. 99. 99. 99. 99. 99.
 99. 99. 99. 99. 99. 99. 99. 99. 99. 99. 99. 99. 99. 99. 99. 99. 99. 99.
 99. 99. 99. 99. 99. 99. 99. 99. 99. 99. 99. 99. 99. 99. 99. 99. 99. 99.
 99. 99. 99. 99. 99. 99. 99. 99. 99. 99. 99. 99. 99. 99. 99. 99. 99. 99.
 99. 99. 99. 99. 99. 99. 99. 99. 99. 99. 99. 99. 99. 99. 99. 99. 99. 99.
 99. 99. 99. 99. 99. 99. 99. 99. 99. 99. 99. 99. 99. 99. 99. 99. 99. 99.
 99. 99. 99. 99. 99. 99. 99. 99. 99. 99. 99. 99. 99. 99. 99. 99. 99. 99.
 99. 99. 99. 99. 99. 99. 99. 99. 99. 99. 99. 99. 99. 99. 99. 99. 99. 99.
 99. 99. 99. 99. 99. 99. 99. 99. 99. 99. 99. 99. 99. 99. 99. 99. 99. 99.
 99. 99. 99. 99. 99. 99. 99. 99. 99. 99. 99. 99. 99. 99. 99. 99. 99. 99.
 99. 99. 99. 99. 99. 99. 99. 99. 99. 99. 99. 99. 99. 99. 99. 99. 99. 99.
 99. 99. 99. 99. 99. 99. 99. 99. 99. 99. 99. 99. 99. 99. 99. 99. 99. 99.
 99. 99. 99. 99. 99. 99. 99. 99. 99. 99. 99. 99. 99. 99. 99. 99. 99. 99.
 99. 99. 99. 99. 99. 99. 99. 99. 99. 99. 99. 99. 99. 99. 99. 99. 99. 99.
 99. 99. 99. 99. 99. 99. 99. 99. 99. 99. 99. 99. 99. 99. 99. 99. 99. 99.
 99. 99. 99. 99. 99. 99. 99. 99. 99. 99. 99. 99. 99. 99.]","[[0.7927044  0.79270442 0.79270443 ... 0.         0.         0.        ]
 [0.89079103 0.89079005 0.89078906 ... 0.         0.         0.        ]
 [0.76428883 0.76428894 0.76428905 ... 0.         0.         0.        ]
 ...
 [0.79996265 0.79996309 0.79996354 ... 0.         0.         0.        ]
 [0.8465427  0.84653156 0.84652035 ... 0.         0.         0.        ]
 [0.84560176 0.8455981  0.84559442 ... 0.         0.         0.        ]]","[[2.78008221e-21 4.76068331e-21 6.34984619e-21 ... 8.19299757e-19
  1.24246527e-19 0.00000000e+00]
 [3.29960013e-21 5.44569788e-21 6.19052910e-21 ... 9.38952010e-19
  1.44093765e-19 0.00000000e+00]
 [2.96143365e-21 4.66459866e-21 6.08441114e-21 ... 9.24911401e-19
  1.41329242e-19 0.00000000e+00]
 ...
 [2.74446801e-21 4.96622118e-21 6.40055798e-21 ... 7.68907166e-19
  1.10767557e-19 0.00000000e+00]
 [3.05459977e-21 5.09023310e-21 6.09557008e-21 ... 8.05695493e-19
  1.22506567e-19 0.00000000e+00]
 [3.07853556e-21 5.41062053e-21 5.35065786e-21 ... 8.71905477e-19
  1.37832831e-19 0.00000000e+00]]","[[0. 0. 0. ... 0. 0. 0.]
 [0. 0. 0. ... 0. 0. 0.]
 [0. 0. 0. ... 0. 0. 0.]
 ...
 [0. 0. 0. ... 0. 0. 0.]
 [0. 0. 0. ... 0. 0. 0.]
 [0. 0. 0. ... 0. 0. 0.]]","[[2.59515992 2.26205691 1.71869423]
 [2.50647635 2.26485325 1.74189392]
 [2.52377746 2.26895013 1.74828712]
 ...
 [2.62471839 2.21315439 1.69330505]
 [2.62495399 2.32511122 1.77383555]
 [2.58709175 2.29143399 1.85004428]]","[206.31542346 210.36840915 209.6047589  209.03217409 208.93651389
 209.94858143 207.29067344 210.76842943 211.51879459 205.87163976
 210.78789471 213.56822937 209.17199429 207.24849915 205.19161379
 208.60662815 212.30873673 208.27528329 207.46180326 206.1037884
 205.57230868 206.14634431 207.12373653 207.22923932 210.99812779
 208.40798547 212.50211866 206.81343944 209.97436012 206.704123
 205.20986218 208.43598254 208.44804671 204.92486592 204.59886856
 209.4213598  209.93004163 207.84670539 209.4091523  209.98838353
 205.80028359 206.71489758 207.03640304 208.75781294 208.6706945
 210.78977031 210.87681825 213.90003313 205.89073774 207.18595255
 208.81750978 210.51910345 211.57733017 211.04636998 210.98616348
 207.10490615 206.96074981 208.67129176 214.48227327 205.77841222
 207.5852946  205.35384871 209.30154284 209.18903156 210.34632617
 208.97868398 213.60905011 205.33603455 210.52276489 208.51813335
 206.48892388 205.21220943 209.9322921  209.90252608 215.13740755
 208.94000716 206.58007997 209.15211422 206.84867666 206.14673484
 207.00553243 216.52526472 212.62992448 205.57799222 206.5464224
 204.45304106 208.709982   204.7616236  211.20086666 207.24358659
 206.16343475 205.96544095 208.45293242 211.4303487  206.45664209
 205.60267387 209.08347844 208.58911999 206.05170133 220.59213159
 206.43977009 206.19053332 207.23700992 211.83991896 206.49165978
 205.02144097 207.72770205 205.59880772 206.76701409 212.59340347
 205.87203016 205.9074365  211.70913207 212.57579956 212.20048812
 207.61788014 215.29471635 209.88711162 210.68474583 208.182843
 205.40045242 208.27751788 211.45368756 207.28636182 205.7683822
 216.20941511 208.48496537 207.10316028 213.26619197 211.03579021
 205.75485372 210.9936382  205.85672509 208.77986949 210.16875555
 205.91767896 205.60741891 204.61711144 209.15904343 207.37786126
 207.7621051  206.33010492 210.53675997 207.8943647  211.71733
 208.60291446 209.83602162 205.86185507 210.33016944 205.57738198
 208.40073033 212.51633452 204.5952837  207.67220891 207.42446024
 205.67949944 206.23081001 209.45748988 205.99052281 205.48826424
 217.05043727 209.59006494 210.76585404 207.69901956 207.66902093
 209.99479554 216.21133196 207.37514306 204.58208078 208.42799986
 211.1859768  209.55710199 207.70505435 207.85858733 205.42453135
 217.53454867 205.24110048 210.35526384 205.24756761 210.10993971
 206.30382386 205.64704031 207.91482502 208.12540759 205.8672642
 205.11162675 206.19493664 211.72744599 213.73610594 213.60461089
 208.46394985 206.80883908 211.79033009 209.19685469 205.64814554
 209.57835312 206.62242997 208.98479245 212.1715467  207.47658921
 205.83241137 210.74042745 207.29166021 209.40108576 206.27603355
 207.03191605 206.63691935 208.90512494 207.08567883 208.49045745
 208.6829954  205.72691533 205.26568452 219.67354638 206.48451458
 208.42226713 208.8601393  212.70004499 204.80770691 212.56937293
 209.24733033 213.24522456 211.46998184 205.45646712 211.63892564
 209.28607056 216.22607624 208.08800472 207.6254571  208.603192
 208.91506924 208.23120883 211.34748476 212.19673438 207.10612962
 210.2911049  209.20316243 208.67209188 207.30015445 208.36810402
 205.92979478 210.2997871  209.85417944 204.79915945 210.03706832
 216.32830827 208.58701444 207.6427773  213.82067303 208.20213183
 206.43079982 211.28985797 208.29043152 207.2176028  208.21968423
 205.84339784 214.98383969 215.51026647 206.91651274 207.66100994
 214.08993912 205.91006621 207.36754297 205.46242834 209.39241387
 205.89793547 210.70624397 208.69886876 206.92474302 215.32485301
 208.99344976 208.17104663 205.5522135  210.50031676 206.97252607
 208.40798547 206.98187599 207.57083641 207.22164811 208.44804671
 207.93301055 207.52194495 207.1004596  205.8614866  213.59791901
 210.54206531 210.86759474 205.69426528 207.04524611 220.55693492
 206.71444979 206.39931341 209.53189642 209.28607056 210.60500699
 211.09758069 211.11185657 205.56024143 207.39433528 213.55026189
 208.25407156 209.67967644 208.50308562 210.4158847  211.50700879
 207.54769267 205.54380584 208.11071486 209.63899696 207.38689388
 210.41656489 209.46173157 207.85124857 209.67967644 208.58107442
 208.97048661 207.95366578 207.44536842 207.65728297 210.97855106
 206.38487079 207.35199615 209.42114328 212.20890329 208.33773192
 215.15495393 211.26551303 208.89844349 205.24524567 214.8533633
 210.05021287 208.46386236 207.5702087  212.92559159 208.6664692
 215.29985339 210.08979328 211.38975304 212.40773215 210.54182018
 212.41396861 207.11028651 206.2476758  205.8511985  213.04980017
 211.66948304 206.54065192 209.15732242 214.33274464 208.55003495
 210.67354927 208.96994491 207.3281861  211.11185657 207.25942396
 207.57763841 208.37653978 204.90496804 210.13390921 209.57195768
 206.53453849 211.52694549 208.97048661 207.19863083 210.27875826
 210.89271115 207.49123113 216.17048893 206.47335623 205.82337948
 210.93969883 211.35403684 207.62952764 206.62186205 209.95803204
 210.1560903  207.29067344 206.72019128 205.10487503 215.52154099
 205.81802153 208.12984581 208.26609962 214.62645717 205.11162675
 208.33648212 210.73839679 206.27679931 208.02747425 206.7528175
 211.46598212 210.02721945 205.52782694 214.22191765 205.5215659
 207.08333184 206.27749186 210.9109613  208.42226713 207.65054528
 204.4447885  213.89990685 207.44230035 206.79892033 208.60291446
 207.86712388 209.54694643 207.89118187 208.88935729 210.68442565
 205.0109716  207.40129189 223.49381687 214.58830073 209.68026681
 208.30011759 210.61015888 211.46598212 205.11265632 208.90900509
 216.28880099 208.42799986 206.85868832 207.4701072  205.40379447
 210.64049111 211.15710337 206.85196551 210.831323   219.07219075
 212.15617165 205.98727933 209.52168256 205.67463022 210.05703199
 209.86264082 207.75798986 207.0246677  205.64299888 210.63799727
 211.61512237 205.35987118 208.90334098 209.20194819 209.77617521
 205.93674694 210.78789471 208.94617967 211.47927549 207.37247343
 218.40197696 209.48152495 214.20413918 206.04393638 211.11521555
 210.87962085 205.70120157 207.34146173 211.93551366 207.27421155
 211.39065762 208.26541886 208.6267694  208.01513811 208.25890487
 210.70578319 206.73206034 209.9221777  205.4400275  208.9156346
 207.05641288 209.05200181 212.49149586 220.00217975 207.51865079
 210.47528807 206.84047084 206.30253481 205.48495559 214.5253356
 205.96860422 209.40685273 208.64751777 211.16851667 208.36359449
 211.46873001 215.02606464 210.84971319 209.55172615 205.99884343
 206.9300679  210.29115597 206.84234375 210.64722299 205.64199537
 206.71295393 207.03037051 210.98345151 206.35715214 212.53985873]","[[709.40167491 696.04101741 682.93199052 ...   0.           0.
    0.        ]
 [709.40167491 696.04101741 682.93199052 ...   0.           0.
    0.        ]
 [709.40167491 696.04101741 682.93199052 ...   0.           0.
    0.        ]
 ...
 [709.40167491 696.04101741 682.93199052 ...   0.           0.
    0.        ]
 [709.40167491 696.04101741 682.93199052 ...   0.           0.
    0.        ]
 [709.40167491 696.04101741 682.93199052 ...   0.           0.
    0.        ]]"
